I.1.     Sen˜ales  sin  modulacio´n  intrapulso.;;;;;;;;;;;;;;;;;;;;
SNR (dB);-8;-6;-4;;-2;;0;;2;;4;;6;;8;;10;;;
LFM;7;13;17;;7;;2;;0;;0;;0;;0;;0;;;
FM;0;0;0;;0;;0;;0;;0;;0;;0;;0;;;
PSK;0;0;2;;0;;1;;0;;0;;0;;0;;0;;;
NM;93;87;81;;93;;97;;100;;100;;100;;100;;100;;;
Tabla I.1: NM, PW  = 1 µs. NB  = 32 muestras.;;;;;;;;;;;;;;;;;;;;
SNR (dB);-8;-6;;-4;;-2;;0;;2;;4;;6;;8;;10;;
LFM;0;0;;0;;0;;0;;0;;0;;0;;0;;0;;
FM;0;0;;0;;0;;0;;0;;0;;0;;0;;0;;
PSK;4;0;;0;;0;;0;;0;;0;;0;;0;;0;;
NM;96;100;;100;;100;;100;;100;;100;;100;;100;;100;;
Tabla I.2: NM, PW  = 3 µs. NB  = 64 muestras.;;;;;;;;;;;;;;;;;;;;

SNR (dB);-8;-6;-4;-2;;0;;2;;;4;;;6;;;8;;;10;;;;
LFM;1;1;0;0;;1;;0;;;0;;;0;;;0;;;0;;;;
FM;0;0;0;0;;0;;0;;;0;;;0;;;0;;;0;;;;
PSK;6;0;0;0;;0;;0;;;0;;;0;;;0;;;0;;;;
NM;93;99;100;100;;99;;100;;;100;;;100;;;100;;;100;;;;
Tabla I.3: NM, PW  = 5 µs. NB  = 128 muestras.;;;;;;;;;;;;;;;;;;;;;;;;
SNR (dB);-8;-6;-4;-2;;0;;;2;;;4;;;6;;;8;;;10;;;
LFM;1;0;0;0;;0;;;0;;;0;;;0;;;0;;;0;;;
FM;0;0;0;0;;0;;;0;;;0;;;0;;;0;;;0;;;
PSK;12;1;0;0;;0;;;0;;;0;;;0;;;0;;;0;;;
NM;87;99;100;100;;100;;;100;;;100;;;100;;;100;;;100;;;
Tabla I.4: NM, PW  = 15 µs. NB  = 256 muestras.;;;;;;;;;;;;;;;;;;;;;;;;
SNR (dB);-8;-6;-4;-2;0;;2;;;4;;;6;;;8;;;10;;;;;
LFM;4;2;0;1;1;;1;;;0;;;1;;;0;;;0;;;;;
FM;0;0;0;0;0;;0;;;0;;;0;;;0;;;0;;;;;
PSK;27;3;0;0;0;;0;;;0;;;0;;;0;;;0;;;;;
NM;69;95;100;99;99;;99;;;100;;;99;;;100;;;100;;;;;
Tabla I.5: NM, PW  = 35 µs. NB  = 256 muestras.;;;;;;;;;;;;;;;;;;;;;;;;

SNR (dB);-8;-6;-4;;-2;0;2;4;;6;;8;;10;;;
LFM;12;1;0;;1;2;1;0;;1;;1;;0;;;
FM;0;0;0;;0;0;0;0;;0;;0;;0;;;
PSK;49;11;0;;0;0;0;0;;0;;0;;0;;;
NM;39;88;100;;99;98;99;100;;99;;99;;100;;;
Tabla I.6: NM, PW  = 100 µs. NB  = 256 muestras.;;;;;;;;;;;;;;;;;
SNR (dB);-8;-6;-4;-2;;0;2;;4;;6;;8;;10;;
LFM;11;2;4;0;;1;0;;0;;0;;0;;0;;
FM;0;0;0;0;;0;0;;0;;0;;0;;0;;
PSK;82;31;0;0;;0;0;;0;;0;;0;;0;;
NM;7;67;96;100;;99;100;;100;;100;;100;;100;;
Tabla I.7: NM, PW  = 250 µs. NB  = 256 muestras.;;;;;;;;;;;;;;;;;

I.2.     Sen˜ales  con  modulacio´n  LFM.;;;;;;;;;;;
SNR (dB);-8;-6;-4;-2;0;2;4;6;8;10;
LFM;1;17;18;10;13;8;39;58;74;92;
FM;0;0;1;0;0;0;0;1;1;3;
PSK;0;0;5;2;1;0;0;0;0;0;
NM;99;83;76;88;86;92;61;41;25;5;
LFM Asc.;0;10;10;10;13;8;39;58;74;92;
LFM Desc.;1;7;8;0;0;0;0;0;0;0;
Tabla I.8: LFM, BW  = 0.5 MHz, PW  = 1 µs. NB  = 32 muestras.;;;;;;;;;;;


SNR (dB);-8;-6;-4;-2;0;2;4;6;8;10;
LFM;1;7;25;31;64;77;98;97;97;97;
FM;0;0;0;0;1;1;2;3;3;3;
PSK;0;0;2;2;0;0;0;0;0;0;
NM;99;93;73;67;35;22;0;0;0;0;
LFM Asc.;1;6;16;30;64;77;98;97;97;97;
LFM Desc.;0;1;9;1;0;0;0;0;0;0;
Tabla I.9: LFM, BW  = 1 MHz, PW  = 1 µs. NB  = 32 muestras.;;;;;;;;;;;
SNR (dB);-8;-6;-4;-2;0;2;4;6;8;10;
LFM;23;89;95;98;98;98;99;97;99;97;
FM;0;0;0;1;0;2;1;3;1;3;
PSK;0;0;5;1;2;0;0;0;0;0;
NM;77;11;0;0;0;0;0;0;0;0;
LFM Asc.;23;89;95;98;98;98;99;97;99;97;
Tabla I.10: LFM, BW  = 5 MHz, PW  = 1 µs. NB  = 32 muestras.;;;;;;;;;;;

SNR (dB);-8;-6;-4;-2;0;2;4;6;8;10;
LFM;36;85;92;95;95;99;99;99;98;99;
FM;0;0;5;3;2;1;1;1;2;1;
PSK;0;1;3;2;3;0;0;0;0;0;
NM;64;14;0;0;0;0;0;0;0;0;
LFM Asc.;36;85;92;95;95;99;99;99;98;99;
SNR (dB);-8;-6;-4;-2;0;2;4;6;8;10;
LFM;2;0;1;1;16;17;55;97;98;98;
FM;0;0;0;0;0;0;0;1;1;2;
PSK;5;0;0;0;0;0;0;0;0;0;
NM;93;100;99;99;84;83;45;2;1;0;
LFM Asc.;1;0;1;1;16;17;55;97;98;98;
LFM Desc.;1;0;0;0;0;0;0;0;0;0;

SNR (dB);-8;-6;-4;-2;0;2;4;6;8;10;;
LFM;0;0;9;39;88;98;99;99;96;100;;
FM;0;0;0;0;0;0;0;1;4;0;;
PSK;2;0;0;0;0;0;0;0;0;0;;
NM;98;100;91;61;12;2;1;0;0;0;;
LFM Asc.;0;0;9;39;88;98;99;99;96;100;;
Tabla I.13: LFM, BW  = 0.5 MHz, PW  = 3 µs. NB  = 64 muestras.;;;;;;;;;;;;
SNR (dB);-8;-6;-4;-2;0;2;4;6;;8;10;
LFM;0;23;99;100;99;100;100;100;;98;100;
FM;0;0;0;0;1;0;0;0;;2;0;
PSK;5;1;0;0;0;0;0;0;;0;0;
NM;95;76;1;0;0;0;0;0;;0;0;
LFM Asc.;0;23;99;100;99;100;100;100;;98;100;
Tabla I.14: LFM, BW  = 1 MHz, PW  = 3 µs. NB  = 64 muestras.;;;;;;;;;;;;

SNR (dB);-8;-6;-4;-2;0;2;4;6;8;10;
LFM;24;92;100;99;100;100;98;97;98;99;
FM;0;0;0;1;0;0;2;3;2;1;
PSK;1;0;0;0;0;0;0;0;0;0;
NM;75;8;0;0;0;0;0;0;0;0;
LFM Asc.;24;92;100;99;100;100;98;97;98;99;
SNR (dB);-8;-6;-4;-2;0;2;4;6;8;10;
LFM;52;100;100;99;98;98;98;97;100;98;
FM;0;0;0;1;2;2;2;3;0;2;
PSK;4;0;0;0;0;0;0;0;0;0;
NM;44;0;0;0;0;0;0;0;0;0;
LFM Asc.;52;100;100;99;98;98;98;97;100;98;

SNR (dB);-8;-6;-4;-2;0;2;4;6;8;10;
LFM;1;0;0;3;11;16;65;99;99;100;
FM;0;0;0;0;0;0;0;0;1;0;
PSK;2;0;0;0;0;0;0;0;0;0;
NM;97;100;100;97;89;84;35;1;0;0;
LFM Asc.;1;0;0;3;11;16;65;99;99;100;
Tabla I.17: LFM, BW  = 0.1 MHz, PW  = 5 µs. NB  = 128 muestras.;;;;;;;;;;;
SNR (dB);-8;-6;-4;-2;0;2;4;6;8;10;
LFM;1;0;21;63;99;100;98;99;99;98;
FM;0;0;1;0;1;0;2;1;1;2;
PSK;5;0;0;0;0;0;0;0;0;0;
NM;94;100;78;37;0;0;0;0;0;0;
LFM Asc.;1;0;21;63;99;100;98;99;99;98;
Tabla I.18: LFM, BW  = 0.2 MHz, PW  = 5 µs. NB  = 128 muestras.;;;;;;;;;;;

SNR (dB);-8;-6;-4;-2;0;2;4;6;8;10;
LFM;1;76;100;100;100;100;99;100;99;99;
FM;0;0;0;0;0;0;1;0;1;1;
PSK;8;1;0;0;0;0;0;0;0;0;
NM;91;23;0;0;0;0;0;0;0;0;
LFM Asc.;1;76;100;100;100;100;99;100;99;99;
Tabla I.19: LFM, BW  = 0.5 MHz, PW  = 5 µs. NB  = 128 muestras.;;;;;;;;;;;
SNR (dB);-8;-6;-4;-2;0;2;4;6;8;10;
LFM;3;78;100;100;100;100;99;99;96;100;
FM;0;0;0;0;0;0;1;1;4;0;
PSK;2;4;0;0;0;0;0;0;0;0;
NM;95;18;0;0;0;0;0;0;0;0;
LFM Asc.;3;78;100;100;100;100;99;99;96;100;
Tabla I.20: LFM, BW  = 1 MHz, PW  = 5 µs. NB  = 128 muestras.;;;;;;;;;;;

SNR (dB);-8;-6;-4;-2;0;2;4;6;8;10
LFM;47;99;100;99;99;97;99;100;97;100
FM;1;1;0;1;1;3;1;0;3;0
PSK;2;0;0;0;0;0;0;0;0;0
NM;50;0;0;0;0;0;0;0;0;0
LFM Asc.;47;99;100;99;99;97;99;100;97;100
Tabla I.21: LFM, BW  = 5 MHz, PW  = 5 µs. NB  = 128 muestras.;;;;;;;;;;
SNR (dB);-8;-6;-4;-2;0;2;4;6;8;10
LFM;51;100;99;100;99;99;100;100;97;98
FM;0;0;1;0;1;1;0;0;3;2
PSK;7;0;0;0;0;0;0;0;0;0
NM;42;0;0;0;0;0;0;0;0;0
LFM Asc.;51;100;99;100;99;99;100;100;97;98
Tabla I.22: LFM, BW  = 10 MHz, PW  = 5 µs. NB  = 128 muestras.;;;;;;;;;;

SNR (dB);-8;-6;-4;-2;0;2;4;6;8;10;
LFM;2;0;0;0;21;34;100;100;100;100;
FM;0;0;0;0;0;0;0;0;0;0;
PSK;23;3;0;0;0;0;0;0;0;0;
NM;75;97;100;100;79;66;0;0;0;0;
LFM Asc.;2;0;0;0;21;34;100;100;100;100;
Tabla I.23: LFM, BW  = 0.1 MHz, PW  = 20 µs. NB  = 256 muestras.;;;;;;;;;;;
SNR (dB);-8;-6;-4;-2;0;2;4;6;8;10;
LFM;4;2;71;99;100;100;100;100;100;100;
FM;0;0;0;0;0;0;0;0;0;0;
PSK;24;6;0;0;0;0;0;0;0;0;
NM;72;92;29;1;0;0;0;0;0;0;
LFM Asc.;2;1;71;99;100;100;100;100;100;100;
LFM Desc.;2;1;0;0;0;0;0;0;0;0;
Tabla I.24: LFM, BW  = 0.2 MHz, PW  = 20 µs. NB  = 256 muestras.;;;;;;;;;;;

SNR (dB);-8;-6;-4;-2;0;2;4;6;8;10;
LFM;5;93;100;100;100;100;100;100;100;100;
FM;0;0;0;0;0;0;0;0;0;0;
PSK;22;1;0;0;0;0;0;0;0;0;
NM;73;6;0;0;0;0;0;0;0;0;
LFM Asc.;2;92;100;100;100;100;100;100;100;100;
LFM Desc.;3;1;0;0;0;0;0;0;0;0;
Tabla I.25: LFM, BW  = 0.5 MHz, PW  = 20 µs. NB  = 256 muestras.;;;;;;;;;;;
SNR (dB);-8;-6;-4;-2;0;2;4;6;8;10;
LFM;4;99;100;100;100;100;100;100;100;100;
FM;0;0;0;0;0;0;0;0;0;0;
PSK;23;0;0;0;0;0;0;0;0;0;
NM;73;1;0;0;0;0;0;0;0;0;
LFM Asc.;1;99;100;100;100;100;100;100;100;100;
LFM Desc.;3;0;0;0;0;0;0;0;0;0;
Tabla I.26: LFM, BW  = 1 MHz, PW  = 20 µs. NB  = 256 muestras.;;;;;;;;;;;

SNR (dB);-8;-6;-4;-2;0;2;4;6;8;10;
LFM;25;100;100;100;100;100;100;100;100;100;
FM;1;0;0;0;0;0;0;0;0;0;
PSK;11;0;0;0;0;0;0;0;0;0;
NM;63;0;0;0;0;0;0;0;0;0;
LFM Asc.;25;99;100;100;100;100;100;100;100;100;
LFM Tri. A;0;1;0;0;0;0;0;0;0;0;
Tabla I.27: LFM, BW  = 4 MHz, PW  = 20 µs. NB  = 256 muestras.;;;;;;;;;;;
SNR (dB);-8;-6;-4;-2;0;2;4;6;8;10;
LFM;93;100;100;100;100;100;100;100;100;100;
FM;0;0;0;0;0;0;0;0;0;0;
PSK;6;0;0;0;0;0;0;0;0;0;
NM;1;0;0;0;0;0;0;0;0;0;
LFM Asc.;91;100;100;100;100;100;100;100;100;100;
LFM Desc.;1;0;0;0;0;0;0;0;0;0;
LFM Tri. A;1;0;0;0;0;0;0;0;0;0;
Tabla I.28: LFM, BW  = 20 MHz, PW  = 20 µs. NB  = 256 muestras.;;;;;;;;;;;

SNR (dB);-8;-6;-4;-2;0;2;4;6;8;10;
LFM;95;99;100;100;100;100;100;100;100;100;
FM;0;0;0;0;0;0;0;0;0;0;
PSK;3;1;0;0;0;0;0;0;0;0;
NM;2;0;0;0;0;0;0;0;0;0;
LFM Asc.;90;99;100;100;100;100;100;100;100;100;
LFM Tri. A;5;0;0;0;0;0;0;0;0;0;
Tabla I.29: LFM, BW  = 40 MHz, PW  = 20 µs. NB  = 256 muestras.;;;;;;;;;;;
SNR (dB);-8;-6;-4;-2;0;2;4;6;8;10;
LFM;100;100;100;100;100;100;100;100;100;100;
FM;0;0;0;0;0;0;0;0;0;0;
PSK;0;0;0;0;0;0;0;0;0;0;
NM;0;0;0;0;0;0;0;0;0;0;
LFM Asc.;97;100;100;100;100;100;100;100;100;100;
LFM Tri. A;3;0;0;0;0;0;0;0;0;0;
Tabla I.30: LFM, BW  = 100 MHz, PW  = 20 µs. NB  = 256 muestras.;;;;;;;;;;;

SNR (dB);-8;-6;-4;-2;0;2;4;6;8;10;
LFM;100;100;100;100;100;100;100;100;100;100;
FM;0;0;0;0;0;0;0;0;0;0;
PSK;0;0;0;0;0;0;0;0;0;0;
NM;0;0;0;0;0;0;0;0;0;0;
LFM Asc.;100;100;100;100;100;100;100;100;100;100;
Tabla I.31: LFM, BW  = 400 MHz, PW  = 20 µs. NB  = 256 muestras.;;;;;;;;;;;


I.3.     Sen˜ales  con  modulacio´n  LFM  triangular.;;;;;;;;;;;
SNR (dB);-8;-6;-4;-2;0;2;4;6;8;10;
LFM;98;100;100;100;100;100;100;100;100;100;
FM;0;0;0;0;0;0;0;0;0;0;
PSK;2;0;0;0;0;0;0;0;0;0;
NM;0;0;0;0;0;0;0;0;0;0;
LFM Asc.;1;0;0;0;0;0;0;0;0;0;
LFM Desc.;5;54;97;100;100;100;100;100;100;100;
LFM Tri. A;91;46;3;0;0;0;0;0;0;0;
LFM Tri. V;1;0;0;0;0;0;0;0;0;0;
Tabla I.32: LFM triangular, BW  = 50 MHz, PW1 = 6 µs y PW2 = 54 µs. NB  = 256 muestras.;;;;;;;;;;;

SNR (dB);-8;-6;-4;-2;0;2;4;6;8;10;
LFM;100;100;100;100;100;100;100;100;100;100;
FM;0;0;0;0;0;0;0;0;0;0;
PSK;0;0;0;0;0;0;0;0;0;0;
NM;0;0;0;0;0;0;0;0;0;0;
LFM Asc.;0;0;0;0;0;0;0;0;0;0;
LFM Desc.;3;0;0;0;0;0;0;0;0;0;
LFM Tri. A;97;100;100;100;100;100;100;100;100;100;
LFM Tri. V;0;0;0;0;0;0;0;0;0;0;
Tabla I.33: LFM triangular, BW  = 50 MHz, PW1 = 18 µs y PW2 = 42 µs. NB  = 256 muestras.;;;;;;;;;;;
SNR (dB);-8;-6;-4;-2;0;2;4;6;8;10;
LFM;100;100;100;100;100;100;100;100;100;100;
FM;0;0;0;0;0;0;0;0;0;0;
PSK;0;0;0;0;0;0;0;0;0;0;
NM;0;0;0;0;0;0;0;0;0;0;
LFM Asc.;0;0;0;0;0;0;0;0;0;0;
LFM Desc.;1;0;0;0;0;0;0;0;0;0;
LFM Tri. A;97;100;100;100;100;100;100;100;100;100;
LFM Tri. V;2;0;0;0;0;0;0;0;0;0;
Tabla I.34: LFM triangular, BW  = 50 MHz, PW1 = 30 µs y PW2 = 30 µs. NB  = 256 muestras.;;;;;;;;;;;

SNR (dB);-8;-6;-4;-2;0;2;4;6;8;10;
LFM;100;100;100;100;100;100;100;100;100;100;
FM;0;0;0;0;0;0;0;0;0;0;
PSK;0;0;0;0;0;0;0;0;0;0;
NM;0;0;0;0;0;0;0;0;0;0;
LFM Asc.;7;0;0;0;0;0;0;0;0;0;
LFM Desc.;0;0;0;0;0;0;0;0;0;0;
LFM Tri. A;90;100;100;100;100;100;100;100;100;100;
LFM Tri. V;3;0;0;0;0;0;0;0;0;0;
Tabla I.35: LFM triangular, BW  = 50 MHz, PW1 = 48 µs y PW2 = 12 µs. NB  = 256 muestras.;;;;;;;;;;;

I.4.     Sen˜ales  con  modulacio´n  LFM  escalonada.;;;;;;;;;;;
SNR (dB);-8;-6;-4;-2;0;2;4;6;8;10;
LFM;21;83;85;93;97;96;98;97;99;99;
FM;0;2;6;3;2;4;2;3;1;1;
PSK;3;6;8;4;1;0;0;0;0;0;
NM;76;9;1;0;0;0;0;0;0;0;
Tabla I.36: LFM escalonada, ∆f  = 0.5 MHz,Tc = 0.025µs, PW  = 1 µs. NB  = 32 muestras.;;;;;;;;;;;
SNR (dB);-8;-6;-4;-2;0;2;4;6;8;10;
LFM;33;89;93;97;96;97;98;96;99;99;
FM;1;1;4;2;3;2;2;4;1;1;
PSK;1;5;3;1;1;1;0;0;0;0;
NM;65;5;0;0;0;0;0;0;0;0;
Tabla I.37: LFM escalonada, ∆f  = 0.5 MHz,Tc = 0.05µs, PW  = 1 µs. NB  = 32 muestras.;;;;;;;;;;;

SNR (dB);-8;-6;-4;-2;0;2;4;6;8;10;
LFM;5;55;95;97;97;100;95;83;25;34;
FM;0;0;0;2;2;0;5;17;75;66;
PSK;0;2;4;1;1;0;0;0;0;0;
NM;95;43;1;0;0;0;0;0;0;0;
Tabla I.38: LFM escalonada, ∆f  = 0.5 MHz,Tc = 0.5µs, PW  = 1 µs. NB  = 32 muestras.;;;;;;;;;;;
SNR (dB);-8;-6;-4;-2;0;2;4;6;8;10;
LFM;18;68;85;91;96;100;98;99;98;96;
FM;1;3;3;2;1;0;2;1;2;4;
PSK;4;18;12;7;3;0;0;0;0;0;
NM;77;11;0;0;0;0;0;0;0;0;
Tabla I.39: LFM escalonada, ∆f  = 1 MHz,Tc = 0.025µs, PW  = 1 µs. NB  = 32 muestras.;;;;;;;;;;;
SNR (dB);-8;-6;-4;-2;0;2;4;6;8;10;
LFM;27;81;92;96;94;96;99;98;97;97;
FM;0;3;6;1;3;4;0;2;3;3;
PSK;4;2;2;3;3;0;1;0;0;0;
NM;69;14;0;0;0;0;0;0;0;0;
Tabla I.40: LFM escalonada, ∆f  = 1 MHz,Tc = 0.05µs, PW  = 1 µs. NB  = 32 muestras.;;;;;;;;;;;

SNR (dB);-8;-6;-4;-2;0;2;4;6;8;;10;
LFM;18;86;67;52;26;0;0;0;0;;0;
FM;0;1;24;46;73;99;100;100;100;;100;
PSK;2;4;9;2;1;1;0;0;0;;0;
NM;80;9;0;0;0;0;0;0;0;;0;
Tabla I.41: LFM escalonada, ∆f  = 1 MHz,Tc = 0.5µs, PW  = 1 µs. NB  = 32 muestras.;;;;;;;;;;;;
SNR (dB);-8;-6;-4;-2;0;2;4;6;8;10;;
LFM;14;72;89;90;96;94;98;97;94;96;;
FM;1;10;7;9;4;6;2;3;6;4;;
PSK;1;0;4;1;0;0;0;0;0;0;;
NM;84;18;0;0;0;0;0;0;0;0;;
Tabla I.42: LFM escalonada, ∆f  = 5 MHz,Tc = 0.025µs, PW  = 1 µs. NB  = 32 muestras.;;;;;;;;;;;;
SNR (dB);-8;-6;-4;-2;0;2;4;6;8;10;;
LFM;21;72;79;95;96;99;97;97;97;97;;
FM;5;19;19;5;4;1;3;3;3;3;;
PSK;0;0;0;0;0;0;0;0;0;0;;
NM;74;9;2;0;0;0;0;0;0;0;;
Tabla I.43: LFM escalonada, ∆f  = 5 MHz,Tc = 0.05µs, PW  = 1 µs. NB  = 32 muestras.;;;;;;;;;;;;

SNR (dB);-8;-6;-4;-2;0;2;4;6;8;10;;
LFM;0;0;0;0;0;0;0;0;0;0;;
FM;28;81;99;100;99;100;100;100;100;100;;
PSK;7;10;1;0;1;0;0;0;0;0;;
NM;65;9;0;0;0;0;0;0;0;0;;
Tabla I.44: LFM escalonada, ∆f  = 5 MHz,Tc = 0.5µs, PW  = 1 µs. NB  = 32 muestras.;;;;;;;;;;;;
SNR (dB);-8;-6;-4;-2;0;2;4;6;8;10;;
LFM;100;100;100;100;100;100;100;100;100;100;;
FM;0;0;0;0;0;0;0;0;0;0;;
PSK;0;0;0;0;0;0;0;0;0;0;;
NM;0;0;0;0;0;0;0;0;0;0;;
Tabla I.45: LFM escalonada, ∆f  = 0.5 MHz,Tc = 0.025µs, PW  = 20 µs. NB  = 256 muestras.;;;;;;;;;;;;
SNR (dB);-8;-6;-4;-2;0;2;4;6;8;10;;
LFM;100;100;100;100;100;100;100;100;100;100;;
FM;0;0;0;0;0;0;0;0;0;0;;
PSK;0;0;0;0;0;0;0;0;0;0;;
NM;0;0;0;0;0;0;0;0;0;0;;
Tabla I.46: LFM escalonada, ∆f  = 0.5 MHz,Tc = 0.05µs, PW  = 20 µs. NB  = 256 muestras.;;;;;;;;;;;;

SNR (dB);-8;-6;-4;-2;0;2;4;6;8;10;;
LFM;98;100;100;100;100;100;100;100;100;100;;
FM;0;0;0;0;0;0;0;0;0;0;;
PSK;1;0;0;0;0;0;0;0;0;0;;
NM;1;0;0;0;0;0;0;0;0;0;;
Tabla I.47: LFM escalonada, ∆f  = 0.5 MHz,Tc = 0.5µs, PW  = 20 µs. NB  = 256 muestras.;;;;;;;;;;;;
SNR (dB);-8;-6;-4;-2;0;2;4;6;8;10;;
LFM;98;100;100;100;100;100;100;100;100;100;;
FM;0;0;0;0;0;0;1;99;100;100;;
PSK;9;0;0;0;0;0;0;0;0;0;;
NM;11;0;0;0;0;0;0;0;0;0;;
Tabla I.48: LFM escalonada, ∆f  = 0.5 MHz,Tc = 1µs, PW  = 20 µs. NB  = 256 muestras.;;;;;;;;;;;;
SNR (dB);-8;-6;-4;-2;0;2;4;6;8;10;;
LFM;100;100;100;100;100;100;100;100;100;100;;
FM;0;0;0;0;0;0;0;0;0;0;;
PSK;0;0;0;0;0;0;0;0;0;0;;
NM;0;0;0;0;0;0;0;0;0;0;;
Tabla I.49: LFM escalonada, ∆f  = 1 MHz,Tc = 0.025µs, PW  = 20 µs. NB  = 256 muestras.;;;;;;;;;;;;

SNR (dB);-8;-6;-4;-2;0;2;4;6;8;10;
LFM;100;100;100;100;100;100;100;100;100;100;
FM;0;0;0;0;0;0;0;0;0;0;
PSK;0;0;0;0;0;0;0;0;0;0;
NM;0;0;0;0;0;0;0;0;0;0;
Tabla I.50: LFM escalonada, ∆f  = 1 MHz,Tc = 0.05µs, PW  = 20 µs. NB  = 256 muestras.;;;;;;;;;;;
SNR (dB);-8;-6;-4;-2;0;2;4;6;8;10;
LFM;96;100;100;100;100;100;100;49;0;0;
FM;0;0;0;0;0;0;0;51;100;100;
PSK;4;0;0;0;0;0;0;0;0;0;
NM;0;0;0;0;0;0;0;0;0;0;
Tabla I.51: LFM escalonada, ∆f  = 1 MHz,Tc = 0.5µs, PW  = 20 µs. NB  = 256 muestras.;;;;;;;;;;;
SNR (dB);-8;-6;-4;-2;0;2;4;6;8;10;
LFM;98;100;0;0;0;0;0;0;0;0;
FM;0;0;100;100;100;100;100;100;100;100;
PSK;2;0;0;0;0;0;0;0;0;0;
NM;0;0;0;0;0;0;0;0;0;0;
Tabla I.52: LFM escalonada, ∆f  = 1 MHz,Tc = 1µs, PW  = 20 µs. NB  = 256 muestras.;;;;;;;;;;;

SNR (dB);-8;-6;-4;;-2;;0;;2;;4;;6;;8;;10;;;
LFM;97;86;99;;100;;100;;100;;100;;100;;100;;99;;;
FM;3;10;1;;0;;0;;0;;0;;0;;0;;1;;;
PSK;0;4;0;;0;;0;;0;;0;;0;;0;;0;;;
NM;0;0;0;;0;;0;;0;;0;;0;;0;;0;;;
Tabla I.53: LFM escalonada, ∆f  = 5 MHz,Tc = 0.05µs, PW  = 20 µs. NB  = 256 muestras.;;;;;;;;;;;;;;;;;;;;
SNR (dB);-8;-6;;-4;;-2;;0;;2;;4;;6;;8;;10;;
LFM;0;0;;0;;0;;0;;0;;0;;0;;0;;0;;
FM;71;100;;100;;100;;100;;100;;100;;100;;100;;100;;
PSK;29;0;;0;;0;;0;;0;;0;;0;;0;;0;;
NM;0;0;;0;;0;;0;;0;;0;;0;;0;;0;;
Tabla I.54: LFM escalonada, ∆f  = 5 MHz,Tc = 0.5µs, PW  = 20 µs. NB  = 256 muestras.;;;;;;;;;;;;;;;;;;;;

I.5.     Sen˜ales  con  modulacio´n  FSK.;;;;;;;;;;;;
SNR (dB);-8;-6;-4;-2;0;;2;4;6;8;10;
LFM;0;0;0;0;0;;0;0;0;0;0;
FM;64;85;99;100;100;;100;100;99;100;100;
PSK;36;15;1;0;0;;0;0;1;0;0;
NM;0;0;0;0;0;;0;0;0;0;0;
Tabla I.55: 2FSK, vs = 25 Msimb/s, ∆f  = 12.5 MHz, PW  = 20 µs. NB  = 256 muestras.;;;;;;;;;;;;
SNR (dB);-8;-6;-4;-2;0;2;4;6;8;10;;
LFM;0;0;0;0;0;0;0;0;0;0;;
FM;42;35;15;34;52;67;74;93;92;96;;
PSK;46;65;85;66;48;33;26;7;8;4;;
NM;12;0;0;0;0;0;0;0;0;0;;
Tabla I.56: 2FSK, vs = 25 Msimb/s, ∆f  = 25 MHz, PW  = 20 µs. NB  = 256 muestras.;;;;;;;;;;;;

SNR (dB);-8;-6;-4;-2;0;2;;4;6;8;10;
LFM;0;0;0;0;0;0;;0;0;0;0;
FM;91;100;100;100;100;100;;100;100;100;100;
PSK;9;0;0;0;0;0;;0;0;0;0;
NM;0;0;0;0;0;0;;0;0;0;0;
Tabla I.57: 2FSK, vs = 21 Msimb/s, ∆f  = 10.5 MHz, PW  = 20 µs. NB  = 256 muestras.;;;;;;;;;;;;
SNR (dB);-8;-6;-4;-2;0;2;4;6;8;10;;
LFM;0;0;0;0;0;0;0;0;0;0;;
FM;66;59;72;94;99;100;100;100;100;100;;
PSK;33;41;28;6;1;0;0;0;0;0;;
NM;1;0;0;0;0;0;0;0;0;0;;
Tabla I.58: 2FSK, vs = 21 Msimb/s, ∆f  = 21 MHz, PW  = 20 µs. NB  = 256 muestras.;;;;;;;;;;;;
SNR (dB);-8;-6;-4;-2;0;2;;4;6;8;10;
LFM;0;0;0;0;0;0;;0;0;0;0;
FM;98;100;100;100;100;100;;100;100;100;100;
PSK;2;0;0;0;0;0;;0;0;0;0;
NM;0;0;0;0;0;0;;0;0;0;0;
Tabla I.59: 2FSK, vs = 17 Msimb/s, ∆f  = 8.5 MHz, PW  = 20 µs. NB  = 256 muestras.;;;;;;;;;;;;

SNR (dB);-8;-6;-4;;-2;;;0;;;2;;;4;;;6;;;8;;;10;;;;;
LFM;0;0;0;;0;;;0;;;0;;;0;;;0;;;0;;;0;;;;;
FM;77;86;99;;100;;;100;;;100;;;100;;;100;;;100;;;100;;;;;
PSK;23;14;1;;0;;;0;;;0;;;0;;;0;;;0;;;0;;;;;
NM;0;0;0;;0;;;0;;;0;;;0;;;0;;;0;;;0;;;;;
Tabla I.60: 2FSK, vs = 17 Msimb/s, ∆f  = 17 MHz, PW  = 20 µs. NB  = 256 muestras.;;;;;;;;;;;;;;;;;;;;;;;;;;;;
SNR (dB);-8;-6;;-4;;;-2;;;0;;;2;;;4;;;6;;;8;;;10;;;
LFM;0;0;;0;;;0;;;0;;;0;;;0;;;0;;;0;;;0;;;
FM;99;100;;100;;;100;;;100;;;100;;;100;;;100;;;100;;;100;;;
PSK;1;0;;0;;;0;;;0;;;0;;;0;;;0;;;0;;;0;;;
NM;0;0;;0;;;0;;;0;;;0;;;0;;;0;;;0;;;0;;;
Tabla I.61: 2FSK, vs = 11 Msimb/s, ∆f  = 5.5 MHz, PW  = 20 µs. NB  = 256 muestras.;;;;;;;;;;;;;;;;;;;;;;;;;;;;
SNR (dB);-8;-6;-4;;;-2;;;0;;;2;;;4;;;6;;;8;;;10;;;;
LFM;0;0;0;;;0;;;0;;;0;;;0;;;0;;;0;;;0;;;;
FM;82;98;100;;;100;;;100;;;100;;;100;;;100;;;100;;;100;;;;
PSK;18;2;0;;;0;;;0;;;0;;;0;;;0;;;0;;;0;;;;
NM;0;0;0;;;0;;;0;;;0;;;0;;;0;;;0;;;0;;;;
Tabla I.62: 2FSK, vs = 11 Msimb/s, ∆f  = 11 MHz, PW  = 20 µs. NB  = 256 muestras.;;;;;;;;;;;;;;;;;;;;;;;;;;;;

SNR (dB);-8;-6;-4;-2;0;2;4;6;8;10;
LFM;61;0;0;0;0;0;0;0;0;0;
FM;36;100;100;100;100;100;100;100;100;100;
PSK;3;0;0;0;0;0;0;0;0;0;
NM;0;0;0;0;0;0;0;0;0;0;
Tabla I.63: 2FSK, vs = 3 Msimb/s, ∆f  = 1.5 MHz, PW  = 20 µs. NB  = 256 muestras.;;;;;;;;;;;
SNR (dB);-8;-6;-4;-2;0;2;4;6;8;10;
LFM;15;0;0;0;0;0;0;0;0;0;
FM;83;100;100;100;100;100;100;100;100;100;
PSK;2;0;0;0;0;0;0;0;0;0;
NM;0;0;0;0;0;0;0;0;0;0;
Tabla I.64: 2FSK, vs = 3 Msimb/s, ∆f  = 3 MHz, PW  = 20 µs. NB  = 256 muestras.;;;;;;;;;;;
SNR (dB);-8;-6;-4;-2;0;2;4;6;8;10;
LFM;53;19;0;0;0;0;0;0;0;0;
FM;3;81;100;100;100;100;100;100;100;100;
PSK;9;0;0;0;0;0;0;0;0;0;
NM;35;0;0;0;0;0;0;0;0;0;
Tabla I.65: 2FSK, vs = 1 Msimb/s, ∆f  = 0.5 MHz, PW  = 20 µs. NB  = 256 muestras.;;;;;;;;;;;

SNR (dB);-8;-6;-4;-2;0;2;;4;;6;;8;;10;
LFM;55;0;0;0;0;0;;0;;0;;0;;0;
FM;14;99;100;100;100;100;;100;;100;;100;;100;
PSK;17;1;0;0;0;0;;0;;0;;0;;0;
NM;14;0;0;0;0;0;;0;;0;;0;;0;
Tabla I.66: 2FSK, vs = 1 Msimb/s, ∆f  = 1 MHz, PW  = 20 µs. NB  = 256 muestras.;;;;;;;;;;;;;;;
SNR (dB);-8;-6;-4;-2;0;2;4;6;8;;10;;;;
LFM;0;0;0;0;0;0;0;0;0;;0;;;;
FM;37;33;37;40;28;50;39;41;45;;42;;;;
PSK;63;67;63;60;72;50;61;59;55;;58;;;;
NM;0;0;0;0;0;0;0;0;0;;0;;;;
Tabla I.67: 4FSK, vs = 11 Msimb/s, ∆f  = 11 MHz, PW  = 20 µs. NB  = 256 muestras.;;;;;;;;;;;;;;;
SNR (dB);-8;-6;-4;-2;0;2;4;6;8;;10;;;;
LFM;0;0;0;0;0;0;0;0;0;;0;;;;
FM;51;62;72;79;89;86;79;83;87;;81;;;;
PSK;49;38;28;21;11;14;21;17;13;;19;;;;
NM;0;0;0;0;0;0;0;0;0;;0;;;;
Tabla I.68: 4FSK,vs = 11 Msimb/s, ∆f  = 5.5 MHz, PW  = 20 µs. NB  = 256 muestras.;;;;;;;;;;;;;;;

SNR (dB);-8;-6;-4;-2;0;2;4;6;8;10;
LFM;0;0;0;0;0;0;0;0;0;0;
FM;44;38;44;40;46;60;60;63;53;66;
PSK;56;62;56;60;54;40;40;37;47;34;
NM;0;0;0;0;0;0;0;0;0;0;
Tabla I.69: 4FSK, vs = 9 Msimb/s, ∆f  = 9 MHz, PW  = 20 µs. NB  = 256 muestras.;;;;;;;;;;;
SNR (dB);-8;-6;-4;-2;0;2;4;6;8;10;
LFM;0;0;0;0;0;0;0;0;0;0;
FM;64;66;78;86;83;92;91;91;87;90;
PSK;36;34;22;14;17;8;9;9;13;10;
NM;0;0;0;0;0;0;0;0;0;0;
Tabla I.70: 4FSK, vs = 9 Msimb/s, ∆f  = 4.5 MHz, PW  = 20 µs. NB  = 256 muestras.;;;;;;;;;;;
SNR (dB);-8;-6;-4;-2;0;2;4;6;8;10;
LFM;0;0;0;0;0;0;0;0;0;0;
FM;40;60;73;83;78;85;89;90;90;91;
PSK;60;40;27;17;22;15;11;10;10;9;
NM;0;0;0;0;0;0;0;0;0;0;
Tabla I.71: 4FSK, vs = 7 Msimb/s, ∆f  = 7 MHz, PW  = 20 µs. NB  = 256 muestras.;;;;;;;;;;;

SNR (dB);-8;-6;-4;-2;;0;;;2;;;4;;6;;;8;;;10;;;
LFM;0;0;0;0;;0;;;0;;;0;;0;;;0;;;0;;;
FM;82;94;98;99;;100;;;100;;;99;;100;;;100;;;100;;;
PSK;18;6;2;1;;0;;;0;;;1;;0;;;0;;;0;;;
NM;0;0;0;0;;0;;;0;;;0;;0;;;0;;;0;;;
Tabla I.72: 4FSK, vs = 7 Msimb/s, ∆f  = 3.5 MHz, PW  = 20 µs. NB  = 256 muestras.;;;;;;;;;;;;;;;;;;;;;;;
SNR (dB);-8;-6;-4;-2;;0;;2;;;4;;6;;8;;;10;;;;;
LFM;1;0;0;0;;0;;0;;;0;;0;;0;;;0;;;;;
FM;76;83;81;92;;91;;91;;;90;;94;;90;;;95;;;;;
PSK;23;17;19;8;;9;;9;;;10;;6;;10;;;5;;;;;
NM;0;0;0;0;;0;;0;;;0;;0;;0;;;0;;;;;
Tabla I.73: 4FSK, vs = 5 Msimb/s, ∆f  = 5 MHz. NB  = 256 muestras.;;;;;;;;;;;;;;;;;;;;;;;
SNR (dB);-8;-6;-4;;-2;;0;;;2;;;4;;;6;;;8;;10;;
LFM;3;0;0;;0;;0;;;0;;;0;;;0;;;0;;0;;
FM;96;98;100;;100;;100;;;100;;;100;;;100;;;100;;100;;
PSK;1;2;0;;0;;0;;;0;;;0;;;0;;;0;;0;;
NM;0;0;0;;0;;0;;;0;;;0;;;0;;;0;;0;;
Tabla I.74: 4FSK,vs = 5 Msimb/s, ∆f  = 2.5 MHz, PW  = 20 µs. NB  = 256 muestras.;;;;;;;;;;;;;;;;;;;;;;;

SNR (dB);-8;-6;-4;;-2;;0;;;2;;;4;;6;;8;;;10;;;
LFM;8;0;0;;0;;0;;;0;;;0;;0;;0;;;0;;;
FM;91;97;100;;99;;100;;;100;;;100;;98;;100;;;100;;;
PSK;1;3;0;;1;;0;;;0;;;0;;2;;0;;;0;;;
NM;0;0;0;;0;;0;;;0;;;0;;0;;0;;;0;;;
Tabla I.75: 4FSK, vs = 3 Msimb/s, ∆f  = 3 MHz, PW  = 20 µs. NB  = 256 muestras.;;;;;;;;;;;;;;;;;;;;;;;
SNR (dB);-8;-6;-4;;-2;;;0;;;2;;;4;;6;;8;;;10;;
LFM;54;17;0;;0;;;0;;;0;;;0;;0;;0;;;0;;
FM;43;83;100;;100;;;100;;;100;;;100;;100;;100;;;100;;
PSK;3;0;0;;0;;;0;;;0;;;0;;0;;0;;;0;;
NM;0;0;0;;0;;;0;;;0;;;0;;0;;0;;;0;;
Tabla I.76: 4FSK, vs = 3 Msimb/s, ∆f  = 1.5 MHz, PW  = 20 µs. NB  = 256 muestras.;;;;;;;;;;;;;;;;;;;;;;;
SNR (dB);-8;-6;-4;-2;;0;;;2;;;4;;6;8;;10;;;;;;
LFM;0;0;0;0;;0;;;0;;;0;;0;0;;0;;;;;;
FM;73;60;60;68;;66;;;72;;;66;;69;72;;65;;;;;;
PSK;27;40;40;32;;34;;;28;;;34;;31;28;;35;;;;;;
NM;0;0;0;0;;0;;;0;;;0;;0;0;;0;;;;;;
Tabla I.77: 8FSK, vs = 5 Msimb/s, ∆f  = 5 MHz, PW  = 20 µs. NB  = 256 muestras.;;;;;;;;;;;;;;;;;;;;;;;

SNR (dB);-8;-6;-4;-2;0;2;;4;;6;;8;;10;;;
LFM;0;0;0;0;0;0;;0;;0;;0;;0;;;
FM;89;79;76;83;79;85;;83;;80;;75;;83;;;
PSK;11;21;24;17;21;15;;17;;20;;25;;17;;;
NM;0;0;0;0;0;0;;0;;0;;0;;0;;;
Tabla I.78: 8FSK,vs = 5 Msimb/s, ∆f  = 2.5 MHz, PW  = 20 µs. NB  = 256 muestras.;;;;;;;;;;;;;;;;;
SNR (dB);-8;-6;-4;-2;0;2;;4;;6;;8;;10;;;
LFM;2;0;0;0;0;0;;0;;0;;0;;0;;;
FM;86;80;65;63;65;71;;76;;63;;71;;71;;;
PSK;12;20;35;37;35;29;;24;;37;;29;;29;;;
NM;0;0;0;0;0;0;;0;;0;;0;;0;;;
Tabla I.79: 8FSK, vs = 3 Msimb/s, ∆f  = 3 MHz, PW  = 20 µs. NB  = 256 muestras.;;;;;;;;;;;;;;;;;
SNR (dB);-8;-6;-4;-2;0;;2;;4;;6;;8;;10;;
LFM;12;7;0;0;0;;0;;0;;0;;0;;0;;
FM;80;91;98;99;100;;98;;100;;99;;100;;99;;
PSK;8;2;2;1;0;;2;;0;;1;;0;;1;;
NM;0;0;0;0;0;;0;;0;;0;;0;;0;;
Tabla I.80: 8FSK,vs = 3 Msimb/s, ∆f  = 1.5 MHz, PW  = 20 µs. NB  = 256 muestras.;;;;;;;;;;;;;;;;;

SNR (dB);-8;-6;-4;-2;0;2;4;;6;;8;;10;;;
LFM;69;8;0;0;0;0;0;;0;;0;;0;;;
FM;15;88;100;100;100;98;100;;100;;100;;99;;;
PSK;9;4;0;0;0;2;0;;0;;0;;1;;;
NM;7;0;0;0;0;0;0;;0;;0;;0;;;
Tabla I.81: 8FSK, vs = 1 Msimb/s, ∆f  = 1 MHz, PW  = 20 µs. NB  = 256 muestras.;;;;;;;;;;;;;;;;
SNR (dB);-8;-6;-4;-2;0;2;;4;;6;;8;;10;;
LFM;78;18;0;0;0;0;;0;;0;;0;;0;;
FM;2;80;100;100;100;100;;100;;100;;100;;100;;
PSK;8;0;0;0;0;0;;0;;0;;0;;0;;
NM;12;2;0;0;0;0;;0;;0;;0;;0;;
Tabla I.82: 8FSK,vs = 1 Msimb/s, ∆f  = 0.5 MHz, PW  = 20 µs. NB  = 256 muestras.;;;;;;;;;;;;;;;;

I.6.     Sen˜ales  con  codificacio´n  Costas.;;;;;;;;;;;
SNR (dB);-8;-6;-4;-2;0;2;4;6;8;10;
LFM;1;0;0;0;0;0;0;0;0;0;
FM;19;65;84;95;96;99;100;100;100;100;
PSK;14;25;14;5;4;1;0;0;0;0;
NM;66;10;2;0;0;0;0;0;0;0;
Tabla I.83: Costas 4, vs = 4 Msimb/s, ∆f  = 2 MHz. NB  = 32 muestras.;;;;;;;;;;;
SNR (dB);-8;-6;-4;-2;0;2;4;6;8;10;
LFM;0;0;0;0;0;0;0;0;0;0;
FM;24;63;79;91;99;99;100;100;100;100;
PSK;15;30;20;9;1;1;0;0;0;0;
NM;61;7;1;0;0;0;0;0;0;0;
Tabla I.84: Costas 4, vs = 4 Msimb/s, ∆f  = 4 MHz. NB  = 32 muestras.;;;;;;;;;;;

SNR (dB);-8;-6;-4;-2;;0;;2;;;4;;6;8;;10;;;;;
LFM;24;45;97;100;;100;;99;;;97;;90;32;;18;;;;;
FM;0;3;1;0;;0;;1;;;3;;10;68;;82;;;;;
PSK;0;1;0;0;;0;;0;;;0;;0;0;;0;;;;;
NM;76;51;2;0;;0;;0;;;0;;0;0;;0;;;;;
Tabla I.85: Costas 4, vs = 2 Msimb/s, ∆f  = 1 MHz. NB  = 64 muestras.;;;;;;;;;;;;;;;;;;;;;
SNR (dB);-8;-6;-4;-2;0;;2;;4;;;6;;8;;;10;;;;
LFM;51;97;63;57;25;;2;;0;;;0;;0;;;0;;;;
FM;9;3;37;43;75;;98;;100;;;100;;100;;;100;;;;
PSK;3;0;0;0;0;;0;;0;;;0;;0;;;0;;;;
NM;37;0;0;0;0;;0;;0;;;0;;0;;;0;;;;
Tabla I.86: Costas 4, vs = 2 Msimb/s, ∆f  = 2 MHz. NB  = 64 muestras.;;;;;;;;;;;;;;;;;;;;;
SNR (dB);-8;-6;-4;-2;0;;2;;;4;;;6;;8;;;10;;;
LFM;0;0;0;0;0;;0;;;0;;;0;;0;;;0;;;
FM;19;55;79;95;98;;100;;;100;;;100;;100;;;100;;;
PSK;11;34;21;5;2;;0;;;0;;;0;;0;;;0;;;
NM;70;11;0;0;0;;0;;;0;;;0;;0;;;0;;;
Tabla I.87: Costas 6, vs = 6 Msimb/s, ∆f  = 3 MHz. NB  = 32 muestras.;;;;;;;;;;;;;;;;;;;;;

SNR (dB);-8;-6;-4;-2;0;;2;;;4;;;6;;;8;;;10;;;;;
LFM;0;0;0;0;0;;0;;;0;;;0;;;0;;;0;;;;;
FM;23;70;94;91;96;;99;;;98;;;100;;;100;;;100;;;;;
PSK;7;11;5;8;4;;1;;;2;;;0;;;0;;;0;;;;;
NM;70;19;1;1;0;;0;;;0;;;0;;;0;;;0;;;;;
Tabla I.88: Costas 6, vs = 6 Msimb/s, ∆f  = 6 MHz.NB  = 32 muestras.;;;;;;;;;;;;;;;;;;;;;;;;
SNR (dB);-8;-6;-4;-2;;0;;;2;;;4;;;6;;;8;;;10;;;
LFM;1;0;0;0;;0;;;0;;;0;;;0;;;0;;;0;;;
FM;59;98;99;100;;100;;;100;;;100;;;100;;;100;;;100;;;
PSK;11;2;1;0;;0;;;0;;;0;;;0;;;0;;;0;;;
NM;29;0;0;0;;0;;;0;;;0;;;0;;;0;;;0;;;
Tabla I.89: Costas 6, vs = 3 Msimb/s, ∆f  = 1.5 MHz. NB  = 64 muestras.;;;;;;;;;;;;;;;;;;;;;;;;
SNR (dB);-8;-6;-4;-2;0;;;2;;;4;;;6;;;8;;;10;;;;
LFM;0;0;0;0;0;;;0;;;0;;;0;;;0;;;0;;;;
FM;53;93;95;98;100;;;100;;;100;;;100;;;100;;;100;;;;
PSK;16;6;5;2;0;;;0;;;0;;;0;;;0;;;0;;;;
NM;31;1;0;0;0;;;0;;;0;;;0;;;0;;;0;;;;
Tabla I.90: Costas 6, vs = 3 Msimb/s, ∆f  = 3 MHz. NB  = 64 muestras.;;;;;;;;;;;;;;;;;;;;;;;;

SNR (dB);-8;-6;;-4;;-2;;0;;2;;4;;6;;8;;;10;;;;;
LFM;0;0;;0;;0;;0;;0;;0;;0;;0;;;0;;;;;
FM;6;31;;40;;48;;54;;66;;61;;76;;84;;;86;;;;;
PSK;14;49;;58;;52;;45;;34;;39;;24;;16;;;14;;;;;
NM;80;20;;2;;0;;1;;0;;0;;0;;0;;;0;;;;;
Tabla I.91: Costas 10, vs = 10 Msimb/s, ∆f  = 5 MHz. NB  = 32 muestras.;;;;;;;;;;;;;;;;;;;;;;;;
SNR (dB);-8;;-6;;-4;;-2;;0;;2;;;4;;;6;;;8;;10;;
LFM;0;;0;;0;;0;;0;;0;;;0;;;0;;;0;;0;;
FM;0;;1;;0;;0;;0;;0;;;0;;;0;;;0;;0;;
PSK;0;;2;;1;;0;;0;;0;;;0;;;0;;;0;;0;;
NM;100;;97;;99;;100;;100;;100;;;100;;;100;;;100;;100;;
Tabla I.92: Costas 10, vs = 10 Msimb/s, ∆f  = 10 MHz. NB  = 32 muestras.;;;;;;;;;;;;;;;;;;;;;;;;
SNR (dB);-8;-6;;-4;;-2;;0;;2;;;4;;6;;;8;;;10;;;
LFM;0;0;;0;;0;;0;;0;;;0;;0;;;0;;;0;;;
FM;14;61;;82;;95;;99;;100;;;100;;100;;;100;;;100;;;
PSK;12;26;;18;;4;;1;;0;;;0;;0;;;0;;;0;;;
NM;74;13;;0;;1;;0;;0;;;0;;0;;;0;;;0;;;
Tabla I.93: Costas 10, vs = 8 Msimb/s, ∆f  = 4 MHz. NB  = 32 muestras.;;;;;;;;;;;;;;;;;;;;;;;;

SNR (dB);-8;-6;-4;-2;0;2;;4;;6;;8;10;;;
LFM;0;0;0;0;0;0;;0;;0;;0;0;;;
FM;3;17;28;42;57;56;;64;;62;;67;69;;;
PSK;4;12;15;19;11;12;;6;;8;;2;5;;;
NM;93;71;57;39;32;32;;30;;30;;31;26;;;
Tabla I.94: Costas 10, vs = 8 Msimb/s, ∆f  = 8 MHz. NB  = 32 muestras.;;;;;;;;;;;;;;;;
SNR (dB);-8;-6;-4;-2;0;;2;;4;;6;;8;;10;
LFM;0;0;0;0;0;;0;;0;;0;;0;;0;
FM;47;74;95;96;100;;100;;100;;100;;100;;100;
PSK;21;26;5;4;0;;0;;0;;0;;0;;0;
NM;32;0;0;0;0;;0;;0;;0;;0;;0;
Tabla I.95: Costas 10, vs = 5 Msimb/s, ∆f  = 2.5 MHz. NB  = 64 muestras.;;;;;;;;;;;;;;;;
SNR (dB);-8;-6;-4;-2;0;;2;;4;;6;;8;;10;
LFM;0;0;0;0;0;;0;;0;;0;;0;;0;
FM;40;86;99;99;100;;100;;100;;100;;100;;100;
PSK;21;13;1;1;0;;0;;0;;0;;0;;0;
NM;39;1;0;0;0;;0;;0;;0;;0;;0;
Tabla I.96: Costas 10, vs = 5 Msimb/s, ∆f  = 5 MHz. NB  = 64 muestras.;;;;;;;;;;;;;;;;
I.7.     Sen˜ales  con  modulacio´n  2PSK.;;;;;;;;;;;;;;;;

SNR (dB);-8;-6;-4;-2;0;2;4;6;8;10;
LFM;0;0;0;0;0;0;0;0;0;0;
FM;8;0;0;0;0;0;0;0;0;0;
PSK;61;100;100;100;100;100;100;100;100;100;
NM;31;0;0;0;0;0;0;0;0;0;
2PSK;20;2;0;0;2;2;3;6;2;1;
4PSK;14;3;0;0;0;0;0;1;0;1;
MPSK;27;95;100;100;98;98;97;93;98;98;
Tabla I.97: 2PSK,vs = 25 Msimb/s, PW  = 20 µs. NB  = 256 muestras.;;;;;;;;;;;


SNR (dB);-8;-6;-4;-2;0;2;4;6;8;10;
LFM;0;0;0;0;0;0;0;0;0;0;
FM;8;0;0;0;0;0;0;0;0;0;
PSK;79;100;100;100;100;100;100;100;100;100;
NM;13;0;0;0;0;0;0;0;0;0;
2PSK;34;10;2;1;4;5;2;3;4;2;
4PSK;12;2;0;0;0;0;0;0;0;0;
MPSK;33;88;98;99;96;95;98;97;96;98;
Tabla I.98: 2PSK, vs = 20 Msimb/s, PW  = 20 µs. NB  = 256 muestras.;;;;;;;;;;;
SNR (dB);-8;-6;-4;-2;0;2;4;6;8;10;
LFM;0;0;0;0;0;0;0;0;0;0;
FM;9;0;0;0;0;0;0;0;0;0;
PSK;75;100;100;100;100;100;100;100;100;100;
NM;16;0;0;0;0;0;0;0;0;0;
2PSK;44;29;7;7;11;23;20;29;28;22;
4PSK;10;0;0;0;0;0;0;0;0;0;
MPSK;21;71;93;93;89;77;80;71;72;78;
Tabla I.99: 2PSK, vs = 17 Msimb/s, PW  = 20 µs. NB  = 256 muestras.;;;;;;;;;;;

SNR (dB);-8;-6;-4;-2;0;2;4;6;8;10;
LFM;0;0;0;0;0;0;0;0;0;0;
FM;0;0;0;0;0;0;0;0;0;0;
PSK;97;100;100;100;100;100;100;100;100;100;
NM;3;0;0;0;0;0;0;0;0;0;
2PSK;90;86;79;77;76;78;76;79;85;82;
4PSK;0;0;0;0;0;0;0;0;0;0;
MPSK;7;14;21;23;24;22;24;21;15;18;
Tabla I.100: 2PSK,vs = 11 Msimb/s, PW  = 20 µs. NB  = 256 muestras.;;;;;;;;;;;
SNR (dB);-8;-6;-4;-2;0;2;4;6;8;10;
LFM;0;0;0;0;0;0;0;0;0;0;
FM;1;0;0;0;0;0;0;0;0;0;
PSK;98;100;100;100;100;100;100;100;100;100;
NM;1;0;0;0;0;0;0;0;0;0;
2PSK;89;89;86;79;86;92;90;90;92;93;
4PSK;2;0;0;0;0;0;0;0;0;0;
MPSK;7;11;14;21;14;8;10;10;8;7;
Tabla I.101: 2PSK, vs = 10 Msimb/s, PW  = 20 µs. NB  = 256 muestras.;;;;;;;;;;;

SNR (dB);-8;;-6;;-4;;-2;;0;;2;;4;;6;;8;;10;;
LFM;0;;0;;0;;0;;0;;0;;0;;0;;0;;0;;
FM;0;;0;;0;;0;;0;;0;;0;;0;;0;;0;;
PSK;100;;100;;100;;100;;100;;100;;100;;100;;100;;100;;
NM;0;;0;;0;;0;;0;;0;;0;;0;;0;;0;;
2PSK;99;;97;;94;;93;;93;;93;;95;;95;;96;;98;;
4PSK;0;;0;;0;;0;;0;;0;;0;;0;;0;;0;;
MPSK;1;;3;;6;;7;;7;;7;;5;;5;;4;;2;;
Tabla I.102: 2PSK, vs = 9 Msimb/s, PW  = 20 µs. NB  = 256 muestras.;;;;;;;;;;;;;;;;;;;;;
SNR (dB);-8;-6;;-4;;-2;;0;;2;;4;;6;;8;;10;;;
LFM;0;0;;0;;0;;0;;0;;0;;0;;0;;0;;;
FM;1;0;;0;;0;;0;;0;;0;;0;;0;;0;;;
PSK;99;100;;100;;100;;100;;100;;100;;100;;100;;100;;;
NM;0;0;;0;;0;;0;;0;;0;;0;;0;;0;;;
2PSK;99;100;;99;;100;;100;;100;;100;;99;;100;;100;;;
4PSK;0;0;;0;;0;;0;;0;;0;;0;;0;;0;;;
MPSK;0;0;;1;;0;;0;;0;;0;;1;;0;;0;;;
Tabla I.103: 2PSK, vs = 7 Msimb/s, PW  = 20 µs. NB  = 256 muestras.;;;;;;;;;;;;;;;;;;;;;

SNR (dB);-8;-6;-4;-2;0;2;4;6;8;10;
LFM;0;0;0;0;0;0;0;0;0;0;
FM;0;0;0;0;0;0;0;0;0;0;
PSK;100;100;100;100;100;100;100;100;100;100;
NM;0;0;0;0;0;0;0;0;0;0;
2PSK;100;100;100;100;100;100;100;100;100;100;
4PSK;0;0;0;0;0;0;0;0;0;0;
MPSK;0;0;0;0;0;0;0;0;0;0;
Tabla I.104: 2PSK, vs = 5 Msimb/s, PW  = 20 µs. NB  = 256 muestras.;;;;;;;;;;;
SNR (dB);-8;-6;-4;-2;0;2;4;6;8;10;
LFM;0;0;0;0;0;0;0;0;0;0;
FM;0;0;0;0;0;0;0;0;0;0;
PSK;100;100;100;100;100;100;100;100;100;100;
NM;0;0;0;0;0;0;0;0;0;0;
2PSK;100;100;100;100;100;100;100;100;100;100;
4PSK;0;0;0;0;0;0;0;0;0;0;
MPSK;0;0;0;0;0;0;0;0;0;0;
Tabla I.105: 2PSK, vs = 3 Msimb/s, PW  = 20 µs. NB  = 256 muestras.;;;;;;;;;;;

SNR (dB);-8;-6;-4;-2;0;2;4;6;8;10;
LFM;6;0;0;0;0;0;0;0;0;0;
FM;0;0;0;0;0;0;0;0;0;0;
PSK;90;100;100;100;100;100;100;100;100;100;
NM;4;0;0;0;0;0;0;0;0;0;
2PSK;90;100;100;100;100;100;100;100;100;100;
4PSK;0;0;0;0;0;0;0;0;0;0;
MPSK;0;0;0;0;0;0;0;0;0;0;
Tabla I.106: 2PSK, vs = 1 Msimb/s, PW  = 20 µs. NB  = 256 muestras.;;;;;;;;;;;


I.8.     Sen˜ales  con  modulacio´n  4PSK.;;;;;;;;;;;
SNR (dB);-8;-6;-4;-2;0;2;4;6;8;10;
LFM;0;0;0;0;0;0;0;0;0;0;
FM;12;0;0;0;0;0;0;0;0;0;
PSK;76;100;100;100;100;100;100;100;100;100;
NM;12;0;0;0;0;0;0;0;0;0;
2PSK;8;0;0;0;0;0;0;0;0;0;
4PSK;29;1;0;0;0;0;0;0;0;0;
MPSK;39;99;100;100;100;100;100;100;100;100;
Tabla I.107: 4PSK,vs = 25 Msimb/s, PW  = 20 µs. NB  = 256 muestras.;;;;;;;;;;;

SNR (dB);-8;-6;-4;-2;0;2;4;6;8;10;
LFM;0;0;0;0;0;0;0;0;0;0;
FM;17;0;0;0;0;0;0;0;0;0;
PSK;78;100;100;100;100;100;100;100;100;100;
NM;5;0;0;0;0;0;0;0;0;0;
2PSK;5;0;0;0;0;0;0;0;0;0;
4PSK;15;0;0;0;0;0;0;0;0;0;
MPSK;58;100;100;100;100;100;100;100;100;100;
Tabla I.108: 4PSK, vs = 20 Msimb/s, PW  = 20 µs. NB  = 256 muestras.;;;;;;;;;;;
SNR (dB);-8;-6;-4;-2;0;2;4;6;8;10;
LFM;0;0;0;0;0;0;0;0;0;0;
FM;19;0;0;0;0;0;0;0;0;0;
PSK;78;100;100;100;100;100;100;100;100;100;
NM;3;0;0;0;0;0;0;0;0;0;
2PSK;8;0;0;0;0;0;0;0;0;0;
4PSK;18;0;0;0;0;0;0;0;0;0;
MPSK;52;100;100;100;100;100;100;100;100;100;
Tabla I.109: 4PSK, vs = 17 Msimb/s, PW  = 20 µs. NB  = 256 muestras.;;;;;;;;;;;

SNR (dB);-8;-6;-4;-2;0;2;4;6;8;10;
LFM;1;0;0;0;0;0;0;0;0;0;
FM;9;0;0;0;0;0;0;0;0;0;
PSK;90;100;100;100;100;100;100;100;100;100;
NM;0;0;0;0;0;0;0;0;0;0;
2PSK;3;0;0;0;0;0;0;0;0;0;
4PSK;28;3;2;3;6;8;12;10;11;9;
MPSK;59;97;98;97;94;92;88;90;89;91;
Tabla I.110: 4PSK,vs = 11 Msimb/s, PW  = 20 µs. NB  = 256 muestras.;;;;;;;;;;;
SNR (dB);-8;-6;-4;-2;0;2;4;6;8;10;
LFM;0;0;0;0;0;0;0;0;0;0;
FM;8;0;0;0;0;0;0;0;0;0;
PSK;92;100;100;100;100;100;100;100;100;100;
NM;0;0;0;0;0;0;0;0;0;0;
2PSK;0;0;0;0;0;0;0;0;0;0;
4PSK;41;15;24;34;34;44;36;45;48;52;
MPSK;51;85;76;66;66;56;64;55;52;48;
Tabla I.111: 4PSK, vs = 9 Msimb/s, PW  = 20 µs. NB  = 256 muestras.;;;;;;;;;;;

SNR (dB);-8;-6;-4;-2;0;2;4;6;8;10;
LFM;3;0;0;0;0;0;0;0;0;0;
FM;3;0;0;0;0;0;0;0;0;0;
PSK;94;100;100;100;100;100;100;100;100;100;
NM;0;0;0;0;0;0;0;0;0;0;
2PSK;6;0;0;0;0;0;0;0;0;0;
4PSK;47;34;60;54;70;82;80;83;93;94;
MPSK;41;66;40;46;30;18;20;17;7;6;
Tabla I.112: 4PSK, vs = 7 Msimb/s, PW  = 20 µs. NB  = 256 muestras.;;;;;;;;;;;
SNR (dB);-8;-6;-4;-2;0;2;4;6;8;10;
LFM;1;0;0;0;0;0;0;0;0;0;
FM;5;0;0;0;0;0;0;0;0;0;
PSK;94;100;100;100;100;100;100;100;100;100;
NM;0;0;0;0;0;0;0;0;0;0;
2PSK;5;0;0;0;0;0;0;0;0;0;
4PSK;66;69;70;91;93;95;100;99;99;100;
MPSK;23;31;30;9;7;5;0;1;1;0;
Tabla I.113: 4PSK, vs = 5 Msimb/s, PW  = 20 µs. NB  = 256 muestras.;;;;;;;;;;;

SNR (dB);-8;-6;;-4;;-2;;0;;2;;4;;6;;8;;10;;
LFM;14;0;;0;;0;;0;;0;;0;;0;;0;;0;;
FM;2;0;;0;;0;;0;;0;;0;;0;;0;;0;;
PSK;84;100;;100;;100;;100;;100;;100;;100;;100;;100;;
NM;0;0;;0;;0;;0;;0;;0;;0;;0;;0;;
2PSK;19;0;;0;;0;;0;;0;;0;;0;;0;;0;;
4PSK;57;85;;96;;99;;100;;100;;100;;100;;100;;100;;
MPSK;8;15;;4;;1;;0;;0;;0;;0;;0;;0;;
Tabla I.114: 4PSK, vs = 3 Msimb/s, PW  = 20 µs. NB  = 256 muestras.;;;;;;;;;;;;;;;;;;;;
SNR (dB);-8;-6;-4;;-2;;0;;2;;4;;6;;8;;10;;;
LFM;56;0;0;;0;;0;;0;;0;;0;;0;;0;;;
FM;0;2;0;;0;;0;;0;;0;;0;;0;;0;;;
PSK;42;98;100;;100;;100;;100;;100;;100;;100;;100;;;
NM;2;0;0;;0;;0;;0;;0;;0;;0;;0;;;
2PSK;20;7;1;;0;;2;;0;;3;;1;;1;;0;;;
4PSK;17;90;99;;100;;98;;100;;97;;99;;99;;100;;;
MPSK;5;1;0;;0;;0;;0;;0;;0;;0;;0;;;
Tabla I.115: 4PSK,vs = 1 Msimb/s, PW  = 20 µs. NB  = 256 muestras.;;;;;;;;;;;;;;;;;;;;
I.9.     Sen˜ales  con  modulacio´n  8PSK.;;;;;;;;;;;;;;;;;;;;

SNR (dB);-8;-6;-4;-2;0;2;4;6;8;10;
LFM;0;0;0;0;0;0;0;0;0;0;
FM;8;0;0;0;0;0;0;0;0;0;
PSK;76;100;100;100;100;100;100;100;100;100;
NM;16;0;0;0;0;0;0;0;0;0;
2PSK;1;0;0;0;0;0;0;0;0;0;
4PSK;21;0;0;0;0;0;0;0;0;0;
MPSK;54;100;100;100;100;100;100;100;100;100;
Tabla I.116: 8PSK, vs = 25 Msimb/p, PW  = 20 µs. NB  = 256 muestras.;;;;;;;;;;;


SNR (dB);-8;-6;-4;-2;0;2;4;6;8;10;
LFM;0;0;0;0;0;0;0;0;0;0;
FM;12;0;0;0;0;0;0;0;0;0;
PSK;81;100;100;100;100;100;100;100;100;100;
NM;7;0;0;0;0;0;0;0;0;0;
2PSK;6;0;0;0;0;0;0;0;0;0;
4PSK;21;0;0;0;0;0;0;0;0;0;
MPSK;54;100;100;100;100;100;100;100;100;100;
Tabla I.117: 8PSK, vs = 20 Msimb/p, PW  = 20 µs. NB  = 256 muestras.;;;;;;;;;;;
SNR (dB);-8;-6;-4;-2;0;2;4;6;8;10;
LFM;0;0;0;0;0;0;0;0;0;0;
FM;11;0;0;0;0;0;0;0;0;0;
PSK;85;100;100;100;100;100;100;100;100;100;
NM;4;0;0;0;0;0;0;0;0;0;
2PSK;4;0;0;0;0;0;0;0;0;0;
4PSK;15;0;0;0;0;0;0;0;0;0;
MPSK;66;100;100;100;100;100;100;100;100;100;
Tabla I.118: 8PSK, vs = 17 Msimb/s, PW  = 20 µs. NB  = 256 muestras.;;;;;;;;;;;

SNR (dB);-8;-6;-4;-2;0;2;4;6;8;10;
LFM;0;0;0;0;0;0;0;0;0;0;
FM;6;0;0;0;0;0;0;0;0;0;
PSK;94;100;100;100;100;100;100;100;100;100;
NM;0;0;0;0;0;0;0;0;0;0;
2PSK;4;0;0;0;0;0;0;0;0;0;
4PSK;14;0;0;0;0;0;0;0;0;0;
MPSK;76;100;100;100;100;100;100;100;100;100;
Tabla I.119: 8PSK, vs = 11 Msimb/s, PW  = 20 µs. NB  = 256 muestras.;;;;;;;;;;;
SNR (dB);-8;-6;-4;-2;0;2;4;6;8;10;
LFM;1;0;0;0;0;0;0;0;0;0;
FM;7;0;0;0;0;0;0;0;0;0;
PSK;92;100;100;100;100;100;100;100;100;100;
NM;0;0;0;0;0;0;0;0;0;0;
2PSK;2;0;0;0;0;0;0;0;0;0;
4PSK;8;0;0;0;0;0;0;0;0;0;
MPSK;82;100;100;100;100;100;100;100;100;100;
Tabla I.120: 8PSK, vs = 9 Msimb/s, PW  = 20 µs. NB  = 256 muestras.;;;;;;;;;;;

SNR (dB);-8;-6;-4;-2;0;2;4;6;8;10;
LFM;1;0;0;0;0;0;0;0;0;0;
FM;2;0;0;0;0;0;0;0;0;0;
PSK;97;100;100;100;100;100;100;100;100;100;
NM;0;0;0;0;0;0;0;0;0;0;
2PSK;1;0;0;0;0;0;0;0;0;0;
4PSK;11;0;0;0;0;0;0;0;0;0;
MPSK;85;100;100;100;100;100;100;100;100;100;
Tabla I.121: 8PSK, vs = 7 Msimb/s, PW  = 20 µs. NB  = 256 muestras.;;;;;;;;;;;
SNR (dB);-8;-6;-4;-2;0;2;4;6;8;10;
LFM;2;0;0;0;0;0;0;0;0;0;
FM;0;0;0;0;0;0;0;0;0;0;
PSK;98;100;100;100;100;100;100;100;100;100;
NM;0;0;0;0;0;0;0;0;0;0;
2PSK;10;0;0;0;0;0;0;0;0;0;
4PSK;12;0;0;0;0;0;0;0;0;0;
MPSK;76;100;100;100;100;100;100;100;100;100;
Tabla I.122: 8PSK, vs = 5 Msimb/s, PW  = 20 µs. NB  = 256 muestras.;;;;;;;;;;;

SNR (dB);-8;-6;;-4;;-2;;0;;2;;4;;6;;8;;10;;
LFM;13;0;;0;;0;;0;;0;;0;;0;;0;;0;;
FM;2;0;;0;;0;;0;;0;;0;;0;;0;;0;;
PSK;85;100;;100;;100;;100;;100;;100;;100;;100;;100;;
NM;0;0;;0;;0;;0;;0;;0;;0;;0;;0;;
2PSK;16;0;;0;;0;;0;;0;;0;;0;;0;;0;;
4PSK;11;0;;0;;0;;0;;0;;0;;0;;0;;0;;
MPSK;58;100;;100;;100;;100;;100;;100;;100;;100;;100;;
Tabla I.123: 8PSK, vs = 3 Msimb/s, PW  = 20 µs. NB  = 256 muestras.;;;;;;;;;;;;;;;;;;;;
SNR (dB);-8;-6;-4;;-2;;0;;2;;4;;6;;8;;10;;;
LFM;42;7;0;;0;;0;;0;;0;;0;;0;;0;;;
FM;0;3;0;;0;;0;;0;;0;;0;;0;;0;;;
PSK;56;90;100;;100;;100;;100;;100;;100;;100;;100;;;
NM;2;0;0;;0;;0;;0;;0;;0;;0;;0;;;
2PSK;32;8;2;;2;;1;;3;;2;;6;;8;;5;;;
4PSK;4;5;2;;1;;1;;1;;2;;1;;1;;1;;;
MPSK;20;77;96;;97;;98;;96;;96;;93;;91;;94;;;
Tabla I.124: 8PSK, vs = 1 Msimb/s, PW  = 20 µs. NB  = 256 muestras.;;;;;;;;;;;;;;;;;;;;
I.10.     Sen˜ales  con  codificacio´n  Barker;;;;;;;;;;;;;;;;;;;;

SNR (dB);-8;-6;-4;-2;0;2;4;6;8;10;
LFM;0;0;0;0;0;0;0;0;0;0;
FM;0;0;1;0;1;2;3;1;2;1;
PSK;1;53;84;92;96;97;97;99;98;99;
NM;99;47;15;8;3;1;0;0;0;0;
2PSK;0;24;40;61;75;84;90;92;96;96;
4PSK;1;7;5;4;5;3;1;0;0;2;
MPSK;0;22;39;27;16;10;6;7;2;1;
Barker 13;0;1;1;4;1;0;4;2;2;1;
Barker 11;0;0;0;1;1;1;2;0;1;2;
Barker 7;0;19;37;56;70;83;81;86;88;90;
Barker 5;0;0;0;0;0;0;1;0;1;0;
Tabla I.125: Barker 13, vs = 13 Msimb/s. NB  = 32 muestras.;;;;;;;;;;;

SNR (dB);-8;-6;-4;-2;0;2;4;6;8;10;
LFM;0;0;0;0;0;0;0;0;0;0;
FM;0;0;2;0;0;0;0;0;0;0;
PSK;14;58;87;96;100;98;100;100;100;100;
NM;86;42;11;4;0;2;0;0;0;0;
2PSK;6;42;63;76;92;91;100;100;100;99;
4PSK;1;5;8;8;8;4;0;0;0;1;
MPSK;7;11;16;12;0;3;0;0;0;0;
Barker 13;1;11;15;32;40;50;48;48;56;58;
Barker 11;1;1;2;1;2;0;0;1;0;0;
Barker 7;3;17;36;39;41;32;44;40;36;33;
Barker 5;1;3;0;0;0;0;0;0;0;0;
Tabla I.126: Barker 13, vs = 11 Msimb/s. NB  = 32 muestras.;;;;;;;;;;;

SNR (dB);-8;-6;-4;-2;0;2;4;6;8;10;
LFM;5;0;0;0;0;0;0;0;0;0;
FM;0;0;0;0;0;0;0;0;0;0;
PSK;28;94;99;100;100;100;100;100;100;100;
NM;67;6;1;0;0;0;0;0;0;0;
2PSK;27;93;99;99;99;100;100;100;100;100;
4PSK;1;1;0;1;1;0;0;0;0;0;
MPSK;0;0;0;0;0;0;0;0;0;0;
Barker 13;2;38;57;88;78;94;93;91;95;92;
Barker 11;3;9;14;2;1;0;0;0;0;0;
Barker 7;3;6;3;2;0;0;0;0;1;0;
Barker 5;0;2;0;0;0;0;0;0;0;0;
Tabla I.127: Barker 13, vs = 7 Msimb/s. NB  = 32 muestras.;;;;;;;;;;;

SNR (dB);-8;-6;-4;-2;0;2;4;6;8;10;
LFM;1;0;0;0;0;0;0;0;0;0;
FM;0;0;0;0;0;0;0;0;0;0;
PSK;43;86;95;96;100;100;100;100;100;100;
NM;56;14;5;4;0;0;0;0;0;0;
2PSK;42;86;95;96;100;100;100;100;100;100;
4PSK;0;0;0;0;0;0;0;0;0;0;
MPSK;1;0;0;0;0;0;0;0;0;0;
Barker 13;6;36;69;84;94;92;95;92;94;97;
Barker 11;8;6;6;5;1;0;0;0;0;0;
Barker 7;1;0;0;0;0;0;0;0;0;0;
Barker 5;1;0;0;1;0;0;0;0;0;0;
Tabla I.128: Barker 13, vs = 5 Msimb/s. NB  = 64 muestras.;;;;;;;;;;;

SNR (dB);-8;-6;-4;-2;0;2;4;6;8;10;
LFM;1;0;0;0;0;0;0;0;0;0;
FM;0;0;0;0;0;0;0;0;0;0;
PSK;71;100;100;100;100;100;100;100;100;100;
NM;28;0;0;0;0;0;0;0;0;0;
2PSK;70;100;100;100;100;100;100;100;100;100;
4PSK;0;0;0;0;0;0;0;0;0;0;
MPSK;1;0;0;0;0;0;0;0;0;0;
Barker 13;3;22;75;87;91;95;93;94;96;96;
Barker 11;2;10;1;1;0;0;0;0;0;0;
Barker 7;0;0;0;0;0;0;0;0;0;1;
Barker 5;0;0;0;0;0;0;0;0;0;0;
Tabla I.129: Barker 13,vs = 3 Msimb/s. NB  = 128 muestras.;;;;;;;;;;;

SNR (dB);-8;-6;-4;-2;0;2;4;6;8;10;
LFM;3;0;0;0;0;0;0;0;0;0;
FM;0;0;0;0;0;0;0;0;0;0;
PSK;80;100;100;100;100;100;100;100;100;100;
NM;17;0;0;0;0;0;0;0;0;0;
2PSK;80;100;100;100;100;100;100;100;100;100;
4PSK;0;0;0;0;0;0;0;0;0;0;
MPSK;0;0;0;0;0;0;0;0;0;0;
Barker 13;0;6;53;84;93;95;87;96;94;97;
Barker 11;0;0;0;0;0;0;0;0;0;0;
Barker 7;0;0;0;0;0;0;1;0;0;0;
Barker 5;0;0;0;0;0;0;0;0;0;0;
Tabla I.130: Barker 13, vs = 1 Msimb/s. NB  = 256 muestras.;;;;;;;;;;;

SNR (dB);-8;-6;-4;-2;0;2;4;6;8;10;
LFM;0;0;0;0;0;0;0;0;0;0;
FM;0;0;2;1;1;1;1;1;0;0;
PSK;7;46;84;93;99;99;99;99;100;100;
NM;93;54;14;6;0;0;0;0;0;0;
2PSK;4;27;49;73;85;92;98;98;99;99;
4PSK;1;3;14;1;7;2;0;1;0;1;
MPSK;2;16;21;19;7;5;1;0;1;0;
Barker 13;1;3;6;5;3;1;4;0;3;2;
Barker 11;2;10;24;45;62;62;68;71;64;72;
Barker 7;0;1;0;1;0;1;0;0;1;1;
Barker 5;0;2;5;3;6;12;9;11;13;9;
Tabla I.131: Barker 11, vs = 11 Msimb/s. NB  = 32 muestras.;;;;;;;;;;;

SNR (dB);-8;-6;-4;-2;0;2;4;6;8;10;
LFM;0;0;0;0;0;0;0;0;0;0;
FM;0;0;0;0;0;0;0;0;0;0;
PSK;30;83;93;98;99;100;100;100;100;100;
NM;70;17;7;2;1;0;0;0;0;0;
2PSK;28;78;89;94;98;100;100;100;99;100;
4PSK;0;3;4;4;1;0;0;0;1;0;
MPSK;2;2;0;0;0;0;0;0;0;0;
Barker 13;2;11;9;5;5;3;1;1;2;1;
Barker 11;4;30;64;81;84;91;96;92;86;97;
Barker 7;5;4;5;1;0;0;0;0;0;0;
Barker 5;0;3;1;0;0;0;0;0;0;0;
Tabla I.132: Barker 11, vs = 7 Msimb/s. NB  = 32 muestras.;;;;;;;;;;;

SNR (dB);-8;-6;-4;-2;0;2;4;6;8;10;
LFM;1;0;0;0;0;0;0;0;0;0;
FM;0;0;0;0;0;0;0;0;0;0;
PSK;51;97;100;100;100;100;100;100;100;100;
NM;48;3;0;0;0;0;0;0;0;0;
2PSK;49;97;100;100;100;100;100;100;100;100;
4PSK;0;0;0;0;0;0;0;0;0;0;
MPSK;2;0;0;0;0;0;0;0;0;0;
Barker 13;6;4;5;3;1;1;0;0;0;0;
Barker 11;8;39;69;88;91;94;95;97;92;91;
Barker 7;7;12;5;2;0;0;0;0;0;0;
Barker 5;4;2;0;0;0;0;0;0;0;0;
Tabla I.133: Barker 11, vs = 5 Msimb/s. NB  = 64 muestras.;;;;;;;;;;;

SNR (dB);-8;-6;-4;-2;0;2;4;6;8;10;
LFM;1;0;1;0;0;0;0;0;0;0;
FM;0;0;0;0;0;0;0;0;0;0;
PSK;65;98;99;100;100;100;100;100;100;100;
NM;34;2;0;0;0;0;0;0;0;0;
2PSK;65;98;99;100;100;100;100;100;100;100;
4PSK;0;0;0;0;0;0;0;0;0;0;
MPSK;0;0;0;0;0;0;0;0;0;0;
Barker 13;3;4;0;0;0;0;0;0;0;0;
Barker 11;4;20;70;87;92;95;97;94;94;96;
Barker 7;1;1;0;0;0;0;0;0;0;0;
Barker 5;0;0;0;0;0;0;0;0;0;0;
Tabla I.134: Barker 11, vs = 3 Msimb/s. NB  = 64 muestras.;;;;;;;;;;;

SNR (dB);-8;-6;-4;-2;0;2;4;6;8;10;
LFM;5;0;0;0;0;0;0;0;0;0;
FM;0;0;0;0;0;0;0;0;0;0;
PSK;67;100;100;100;100;100;100;100;100;100;
NM;28;0;0;0;0;0;0;0;0;0;
2PSK;67;100;100;100;100;100;100;100;100;100;
4PSK;0;0;0;0;0;0;0;0;0;0;
MPSK;0;0;0;0;0;0;0;0;0;0;
Barker 13;0;1;3;0;0;0;0;0;0;0;
Barker 11;0;5;47;90;96;92;92;93;93;92;
Barker 7;1;0;0;0;0;0;0;0;0;0;
Barker 5;0;0;0;0;0;0;0;0;0;0;
Tabla I.135: Barker 11, vs = 1 Msimb/s. NB  = 256 muestras.;;;;;;;;;;;

SNR (dB);-8;-6;-4;-2;0;2;4;6;8;10;
LFM;0;0;0;0;0;0;0;0;0;0;
FM;0;0;0;0;0;0;0;0;0;0;
PSK;15;50;85;95;98;100;100;100;100;100;
NM;85;50;15;5;2;0;0;0;0;0;
2PSK;12;48;81;93;97;98;100;100;99;100;
4PSK;0;1;2;1;1;2;0;0;1;0;
MPSK;3;1;2;1;0;0;0;0;0;0;
Barker 13;0;2;0;1;0;2;1;0;0;1;
Barker 11;1;2;0;0;0;0;0;2;0;5;
Barker 7;8;40;69;88;84;92;93;97;97;90;
Barker 5;0;0;0;0;0;0;0;0;0;0;
Tabla I.136: Barker 7, vs = 7 Msimb/s. NB  = 32 muestras.;;;;;;;;;;;

SNR (dB);-8;-6;-4;-2;0;2;4;6;8;10;
LFM;0;0;0;0;0;0;0;0;0;0;
FM;0;0;0;0;0;0;0;0;0;0;
PSK;35;84;94;100;99;100;100;100;100;100;
NM;65;16;6;0;1;0;0;0;0;0;
2PSK;35;83;94;100;99;100;100;100;100;100;
4PSK;0;1;0;0;0;0;0;0;0;0;
MPSK;0;0;0;0;0;0;0;0;0;0;
Barker 13;4;2;3;1;0;0;1;0;0;1;
Barker 11;1;4;2;0;0;0;1;0;0;1;
Barker 7;6;48;77;96;90;99;92;95;95;93;
Barker 5;10;6;2;1;0;0;0;0;0;0;
Tabla I.137: Barker 7, vs = 5 Msimb/s. NB  = 32 muestras.;;;;;;;;;;;

SNR (dB);-8;-6;-4;-2;0;2;4;6;8;10;
LFM;3;0;1;0;0;0;0;0;0;0;
FM;0;0;0;0;0;0;0;0;0;0;
PSK;39;83;96;97;97;100;100;100;100;100;
NM;58;17;3;3;3;0;0;0;0;0;
2PSK;39;83;96;97;97;100;100;100;100;100;
4PSK;0;0;0;0;0;0;0;0;0;0;
MPSK;0;0;0;0;0;0;0;0;0;0;
Barker 13;2;5;1;0;0;0;0;0;0;0;
Barker 11;5;4;3;0;0;0;0;0;1;0;
Barker 7;7;47;75;91;90;90;92;93;90;92;
Barker 5;1;3;0;0;0;0;0;0;0;0;
Tabla I.138: Barker 7, vs = 3 Msimb/s. NB  = 64 muestras.;;;;;;;;;;;

SNR (dB);-8;-6;-4;-2;0;2;4;6;8;10;
LFM;3;0;0;0;0;0;0;0;0;0;
FM;0;0;0;0;0;0;0;0;0;0;
PSK;61;96;99;100;100;100;100;100;100;100;
NM;36;4;1;0;0;0;0;0;0;0;
2PSK;59;96;99;100;100;100;100;100;100;100;
4PSK;0;0;0;0;0;0;0;0;0;0;
MPSK;2;0;0;0;0;0;0;0;0;0;
Barker 13;0;3;3;0;0;0;0;0;0;0;
Barker 11;0;5;3;1;0;0;1;0;0;0;
Barker 7;1;11;57;91;97;96;92;93;93;92;
Barker 5;0;0;0;1;0;0;0;0;0;0;
Tabla I.139: Barker 7, vs = 1 Msimb/s. NB  = 128 muestras.;;;;;;;;;;;

SNR (dB);-8;-6;-4;-2;0;2;4;6;8;10;
LFM;0;0;0;0;0;0;0;0;0;0;
FM;0;0;0;0;0;0;0;0;0;0;
PSK;10;78;95;96;100;100;100;100;100;100;
NM;90;22;5;4;0;0;0;0;0;0;
2PSK;10;78;95;95;100;100;100;100;100;100;
4PSK;0;0;0;1;0;0;0;0;0;0;
MPSK;0;0;0;0;0;0;0;0;0;0;
Barker 13;2;2;1;0;0;0;0;1;2;1;
Barker 11;1;5;1;1;1;2;1;2;2;0;
Barker 7;0;2;0;0;0;0;0;0;1;0;
Barker 5;5;62;87;93;93;95;96;96;90;97;
Tabla I.140: Barker 5, vs = 5 Msimb/s. NB  = 32 muestras.;;;;;;;;;;;

SNR (dB);-8;-6;-4;-2;0;2;4;6;8;10;
LFM;0;0;0;1;0;0;1;1;0;0;
FM;0;0;0;0;0;0;0;0;0;0;
PSK;19;4;0;0;0;0;0;0;0;0;
NM;81;96;100;99;100;100;99;99;100;100;
2PSK;18;4;0;0;0;0;0;0;0;0;
4PSK;0;0;0;0;0;0;0;0;0;0;
MPSK;1;0;0;0;0;0;0;0;0;0;
Barker 13;1;1;0;0;0;0;0;0;0;0;
Barker 11;3;0;0;0;0;0;0;0;0;0;
Barker 7;0;0;0;0;0;0;0;0;0;0;
Barker 5;3;1;0;0;0;0;0;0;0;0;
Tabla I.141: Barker 5, vs = 3 Msimb/s. NB  = 64 muestras.;;;;;;;;;;;

SNR (dB);-8;-6;-4;-2;0;2;4;6;8;10;
LFM;4;0;0;0;0;0;0;0;0;0;
FM;0;0;0;0;0;0;0;0;0;0;
PSK;53;96;100;100;100;100;100;100;100;100;
NM;43;4;0;0;0;0;0;0;0;0;
2PSK;53;96;100;100;100;100;100;100;100;100;
4PSK;0;0;0;0;0;0;0;0;0;0;
MPSK;0;0;0;0;0;0;0;0;0;0;
Barker 13;0;0;1;0;0;0;0;0;0;0;
Barker 11;0;6;0;0;0;0;0;0;0;0;
Barker 7;0;3;3;0;0;0;0;0;0;0;
Barker 5;0;27;79;89;94;94;95;92;97;94;
Tabla I.142: Barker 5, vs = 1 Msimb/s. NB  = 128 muestras.;;;;;;;;;;;

I.11.     Sen˜ales  PSK  FRANK.;;;;;;;;;;;
SNR (dB);-8;-6;-4;-2;0;2;4;6;8;10;
LFM;0;2;0;0;0;0;0;0;0;0;
FM;0;4;7;6;6;7;7;5;2;4;
PSK;6;58;90;93;92;93;93;95;98;96;
NM;94;36;3;1;2;0;0;0;0;0;
2PSK;0;0;0;0;0;0;0;0;0;0;
4PSK;1;10;12;19;22;12;15;16;15;11;
MPSK;5;48;78;74;70;81;78;79;83;85;
Frank 16;0;3;5;8;9;6;7;11;7;3;
Frank 25;0;4;7;2;2;2;2;0;1;0;
Frank 36;0;0;0;0;0;0;0;0;0;0;
Frank 49;0;0;0;0;0;0;0;0;0;0;
Tabla I.143: Frank 16, vs = 13 Msps. NB  = 32 muestras.;;;;;;;;;;;

SNR (dB);-8;-6;-4;-2;0;2;4;6;8;10;
LFM;32;44;0;0;0;0;0;0;0;0;
FM;1;2;13;7;4;1;0;0;0;0;
PSK;23;51;86;93;96;99;100;100;100;100;
NM;44;3;1;0;0;0;0;0;0;0;
2PSK;2;1;0;0;0;0;0;0;0;0;
4PSK;11;47;83;92;96;99;100;100;100;100;
MPSK;10;3;3;1;0;0;0;0;0;0;
Frank 16;1;28;59;89;95;97;99;100;100;100;
Frank 25;0;1;0;0;0;0;0;0;0;0;
Frank 36;0;0;0;0;0;0;0;0;0;0;
Frank 49;0;0;0;0;0;0;0;0;0;0;
Tabla I.144: Frank 16, vs = 7 Msps. NB  = 64 muestras.;;;;;;;;;;;

SNR (dB);-8;-6;-4;-2;0;2;4;6;8;10;
LFM;14;4;0;0;0;0;0;0;0;0;
FM;1;6;0;0;1;1;0;1;0;0;
PSK;30;87;100;100;99;99;100;99;100;100;
NM;55;3;0;0;0;0;0;0;0;0;
2PSK;6;6;3;3;0;0;0;0;0;0;
4PSK;12;71;97;97;99;99;100;99;100;100;
MPSK;12;10;0;0;0;0;0;0;0;0;
Frank 16;1;43;84;96;98;99;100;99;100;100;
Frank 25;3;0;0;0;0;0;0;0;0;0;
Frank 36;1;2;0;0;0;0;0;0;0;0;
Frank 49;0;1;0;0;0;0;0;0;0;0;
Tabla I.145: Frank 16, vs = 5 Msps. NB  = 64 muestras.;;;;;;;;;;;

SNR (dB);-8;-6;-4;-2;0;2;4;6;8;10;
LFM;47;43;0;0;0;0;0;0;0;0;
FM;0;0;2;0;0;0;0;0;0;0;
PSK;29;57;98;100;100;100;100;100;100;100;
NM;24;0;0;0;0;0;0;0;0;0;
2PSK;7;2;7;8;2;1;0;0;0;0;
4PSK;13;50;91;92;98;99;100;100;100;100;
MPSK;9;5;0;0;0;0;0;0;0;0;
Frank 16;2;26;72;90;98;99;100;100;100;100;
Frank 25;4;0;0;0;0;0;0;0;0;0;
Frank 36;0;0;0;0;0;0;0;0;0;0;
Frank 49;0;0;0;0;0;0;0;0;0;0;
Tabla I.146: Frank 16, vs = 3 Msps. NB  = 128 muestras.;;;;;;;;;;;

SNR (dB);-8;-6;-4;-2;0;2;4;6;8;10;
LFM;58;2;0;0;0;0;0;0;0;0;
FM;2;2;5;0;0;0;0;0;0;0;
PSK;36;96;95;100;100;100;100;100;100;100;
NM;4;0;0;0;0;0;0;0;0;0;
2PSK;22;9;2;0;0;0;0;0;0;0;
4PSK;11;82;93;100;100;100;100;100;100;100;
MPSK;3;5;0;0;0;0;0;0;0;0;
Frank 16;0;8;41;96;99;100;100;100;100;100;
Frank 25;0;0;0;0;0;0;0;0;0;0;
Frank 36;0;1;0;0;0;0;0;0;0;0;
Frank 49;0;0;0;0;0;0;0;0;0;0;
Tabla I.147: Frank 16, vs = 1 Msps. NB  = 256 muestras.;;;;;;;;;;;

SNR (dB);-8;-6;-4;-2;0;2;4;6;8;10;
LFM;16;47;2;2;0;0;0;0;0;0;
FM;2;3;27;21;29;40;28;39;36;40;
PSK;13;45;71;77;71;60;72;61;64;60;
NM;69;5;0;0;0;0;0;0;0;0;
2PSK;0;0;0;0;0;0;0;0;0;0;
4PSK;2;4;0;0;0;0;0;0;0;0;
MPSK;11;41;71;77;71;60;72;61;64;60;
Frank 16;0;1;0;0;0;0;0;0;0;0;
Frank 25;1;5;19;19;28;28;28;24;18;15;
Frank 36;0;1;5;6;1;0;0;0;0;0;
Frank 49;0;0;0;0;0;0;0;0;0;0;
Tabla I.148: Frank 25, vs = 13 Msps. NB  = 32 muestras.;;;;;;;;;;;

SNR (dB);-8;-6;-4;-2;0;2;4;6;8;10;
LFM;33;48;6;0;0;0;0;0;0;0;
FM;2;2;8;8;3;0;0;0;0;0;
PSK;15;48;86;92;97;100;100;100;100;100;
NM;50;2;0;0;0;0;0;0;0;0;
2PSK;4;1;0;1;1;0;0;0;0;0;
4PSK;3;1;0;0;0;0;0;0;0;0;
MPSK;8;46;86;91;96;100;100;100;100;100;
Frank 16;1;0;0;0;0;0;0;0;0;0;
Frank 25;1;9;29;54;72;86;95;97;100;100;
Frank 36;1;1;0;0;0;0;0;0;0;0;
Frank 49;0;1;0;0;0;0;0;0;0;0;
Tabla I.149: Frank 25, vs = 7 Msps. NB  = 64 muestras.;;;;;;;;;;;

SNR (dB);-8;-6;-4;-2;0;2;4;6;8;10;
LFM;25;47;0;0;0;0;0;0;0;0;
FM;4;3;13;3;1;0;0;0;0;0;
PSK;32;50;87;97;99;100;100;100;100;100;
NM;39;0;0;0;0;0;0;0;0;0;
2PSK;8;0;0;0;0;0;0;0;0;0;
4PSK;9;2;2;0;0;0;0;0;0;0;
MPSK;15;48;85;97;99;100;100;100;100;100;
Frank 16;2;0;0;0;0;0;0;0;0;0;
Frank 25;0;14;49;82;90;99;100;100;100;100;
Frank 36;1;0;1;0;0;0;0;0;0;0;
Frank 49;0;1;0;0;0;0;0;0;0;0;
Tabla I.150: Frank 25, vs = 5 Msps. NB  = 128 muestras.;;;;;;;;;;;

SNR (dB);-8;-6;-4;-2;0;2;4;6;8;10;
LFM;41;15;0;0;0;0;0;0;0;0;
FM;0;0;0;0;0;0;0;0;0;0;
PSK;59;85;100;100;100;100;100;100;100;100;
NM;0;0;0;0;0;0;0;0;0;0;
2PSK;49;15;0;0;0;0;0;0;0;0;
4PSK;0;1;10;10;4;3;3;6;0;1;
MPSK;10;69;90;90;96;97;97;94;100;99;
Frank 16;0;0;0;0;0;0;0;0;0;0;
Frank 25;0;3;33;72;96;97;97;94;100;99;
Frank 36;0;0;1;0;0;0;0;0;0;0;
Frank 49;0;1;1;0;0;0;0;0;0;0;
Tabla I.151: Frank 25, vs = 1 Msps. NB  = 256 muestras.;;;;;;;;;;;

SNR (dB);-8;-6;-4;-2;0;2;4;6;8;10;
LFM;27;59;0;0;0;0;0;0;0;0;
FM;5;1;22;4;0;2;0;0;0;0;
PSK;23;40;78;96;100;98;100;100;100;100;
NM;45;0;0;0;0;0;0;0;0;0;
2PSK;3;0;0;0;0;0;0;0;0;0;
4PSK;6;0;0;0;0;0;0;0;0;0;
MPSK;14;40;78;96;100;98;100;100;100;100;
Frank 16;0;0;0;0;0;0;0;0;0;0;
Frank 25;0;0;0;0;0;0;0;0;0;0;
Frank 36;0;3;4;5;15;40;52;75;80;84;
Frank 49;0;0;0;0;0;0;0;0;0;0;
Tabla I.152: Frank 36, vs = 7 Msps. NB  = 128 muestras.;;;;;;;;;;;

SNR (dB);-8;-6;-4;-2;0;2;4;6;8;10;
LFM;53;42;0;0;0;0;0;0;0;0;
FM;5;7;4;2;0;0;0;0;0;0;
PSK;26;51;96;98;100;100;100;100;100;100;
NM;16;0;0;0;0;0;0;0;0;0;
2PSK;6;0;0;0;0;0;0;0;0;0;
4PSK;7;1;0;0;0;0;0;0;0;0;
MPSK;13;50;96;98;100;100;100;100;100;100;
Frank 16;2;0;0;0;0;0;0;0;0;0;
Frank 25;0;0;0;0;0;0;0;0;0;0;
Frank 36;1;1;24;46;54;74;87;95;99;100;
Frank 49;0;0;0;0;0;0;0;0;0;0;
Tabla I.153: Frank 36, vs = 5 Msps. NB  = 128 muestras.;;;;;;;;;;;

SNR (dB);-8;-6;-4;-2;0;2;4;6;8;10;
LFM;38;34;0;0;0;0;0;0;0;0;
FM;2;1;11;2;2;0;0;0;0;0;
PSK;57;65;89;98;98;100;100;100;100;100;
NM;3;0;0;0;0;0;0;0;0;0;
2PSK;33;1;0;0;0;0;0;0;0;0;
4PSK;11;6;0;0;0;0;0;0;0;0;
MPSK;13;58;89;98;98;100;100;100;100;100;
Frank 16;0;0;0;0;0;0;0;0;0;0;
Frank 25;0;0;0;0;0;0;0;0;0;0;
Frank 36;1;6;30;81;89;100;100;100;100;100;
Frank 49;0;0;1;0;0;0;0;0;0;0;
Tabla I.154: Frank 36, vs = 3 Msps. NB  = 256 muestras.;;;;;;;;;;;

SNR (dB);-8;-6;-4;-2;0;2;4;6;8;10;
LFM;24;7;0;0;0;0;0;0;0;0;
FM;0;0;1;0;0;0;0;0;0;0;
PSK;76;93;99;100;100;100;100;100;100;100;
NM;0;0;0;0;0;0;0;0;0;0;
2PSK;47;5;0;1;0;0;0;0;0;0;
4PSK;10;7;0;0;0;0;0;0;0;0;
MPSK;19;81;99;99;100;100;100;100;100;100;
Frank 16;0;0;0;0;0;0;0;0;0;0;
Frank 25;0;0;0;0;0;0;0;0;0;0;
Frank 36;0;0;28;82;99;100;100;100;100;99;
Frank 49;0;0;2;0;0;0;0;0;0;0;
Tabla I.155: Frank 36, vs = 1 Msps. NB  = 256 muestras.;;;;;;;;;;;

SNR (dB);-8;-6;-4;-2;0;2;4;6;8;10;
LFM;55;49;0;0;0;0;0;0;0;0;
FM;7;2;3;0;0;0;0;0;0;0;
PSK;25;49;97;100;100;100;100;100;100;100;
NM;13;0;0;0;0;0;0;0;0;0;
2PSK;13;2;0;0;0;0;0;0;0;0;
4PSK;1;0;0;0;0;0;0;0;0;0;
MPSK;11;47;97;100;100;100;100;100;100;100;
Frank 16;0;0;0;0;0;0;0;0;0;0;
Frank 25;0;0;0;0;0;0;0;0;0;0;
Frank 36;3;0;0;0;0;0;0;0;0;0;
Frank 49;0;1;5;1;16;25;40;75;85;86;
Tabla I.156: Frank 49, vs = 5 Msps. NB  = 128 muestras.;;;;;;;;;;;

SNR (dB);-8;-6;-4;-2;0;2;4;6;8;10;
LFM;51;13;0;0;0;0;0;0;0;0;
FM;1;2;4;0;0;0;0;0;0;0;
PSK;47;85;96;100;100;100;100;100;100;100;
NM;1;0;0;0;0;0;0;0;0;0;
2PSK;24;2;0;0;0;0;0;0;0;0;
4PSK;7;1;0;0;0;0;0;0;0;0;
MPSK;16;82;96;100;100;100;100;100;100;100;
Frank 16;0;0;0;0;0;0;0;0;0;0;
Frank 25;0;0;0;0;0;0;0;0;0;0;
Frank 36;0;0;0;0;0;0;0;0;0;0;
Frank 49;1;4;13;46;80;83;99;98;100;100;
Tabla I.157: Frank 49, vs = 3 Msps. NB  = 256 muestras.;;;;;;;;;;;
